seed,model,N,selected_energy,selected_score,selected_real_utility,success_rate,exact_expected_utility,mc_mean_utility,mc_ci_low,mc_ci_high,exact_law_abs_error,low_energy_tail_real_utility,low_energy_tail_invalid_rate,tail_rank_correlation,energy_utility_rank_correlation,invalid_action_rate,jerk_smoothness_penalty,contact_feasibility_penalty,oracle_minus_energy_gap,high_n_regret,marginal_utility_per_added_candidate,compute_latency_proxy,energy_evaluations,deployment_gate,task,learned_model
0,raw_ebm,1,17.463600109542394,-17.463600109542394,0.36418414514190933,0.39990234375,0.36418414514190933,0.32136064387126945,0.24390174387670926,0.39881954386582963,0.042823501270639885,0.36418414514190955,0.2265625,-0.035159215797445964,-0.035159215797445964,0.2265625,0.18082068376565022,0.18539457944937687,-1.6653345369377348e-16,-1.6653345369377348e-16,-2.220446049250313e-16,1.0,1,collect_pilot_labels,multimodal,numpy_ibc_linear_feature_ebm
0,raw_ebm,2,4.997917387394266,-4.997917387394266,0.23937058488172272,0.4471771717071533,0.23937058488172272,0.23798624777373184,0.1480200440311093,0.3279524515163544,0.0013843371079908795,0.16483802326617458,0.41796875,-0.3451564846935126,-0.035159215797445964,0.35289478302001953,0.058023022376906895,0.3008586546657992,0.6798267775175239,0.6798267775175239,-0.12481356026018661,2.0,2,collect_pilot_labels,multimodal,numpy_ibc_linear_feature_ebm
0,raw_ebm,4,1.1803544854921006,-1.1803544854921006,-0.059012866695996695,0.40053086115477754,-0.059012866695996695,-0.10779601578016704,-0.20759182365781076,-0.008000207902523315,0.04878314908417034,-0.3287522036365841,0.623046875,-0.19011963413098956,-0.035159215797445964,0.5050892155084057,0.021541644520999666,0.43808717762395555,1.3222431915527781,1.3222431915527781,-0.1491917257888597,4.0,4,collect_pilot_labels,multimodal,numpy_ibc_linear_feature_ebm
0,raw_ebm,8,-0.3817605600554919,0.3817605600554919,-0.3650063264263374,0.31154275265701065,-0.3650063264263374,-0.4255193280378489,-0.5222660841095148,-0.32877257196618304,0.06051300161151152,-0.5394092454939918,0.703125,-0.12431119821469444,-0.035159215797445964,0.6350295044963516,0.009201611964250015,0.5573261228041207,1.8184640178637244,1.8184640178637244,-0.07649836493258518,8.0,8,collect_pilot_labels,multimodal,numpy_ibc_linear_feature_ebm
0,raw_ebm,16,-1.1162040815774783,1.1162040815774783,-0.5702561074889598,0.24465393620168008,-0.5702561074889598,-0.4881696257869413,-0.5855368990746869,-0.3908023524991957,0.08208648170201854,-0.6184584858521622,0.7421875,-0.12912584691448453,-0.035159215797445964,0.7175286477935698,0.005116330381961178,0.6319560425051416,2.1330369909749645,2.1330369909749645,-0.025656222632827803,16.0,16,collect_pilot_labels,multimodal,numpy_ibc_linear_feature_ebm
0,raw_ebm,32,-1.5183905864860319,1.5183905864860319,-0.714462543947616,0.19652486128308413,-0.714462543947616,-0.7532173106312279,-0.8399407342818994,-0.6664938869805563,0.038754766683611885,-0.863144420411621,0.828125,-0.14935897435897436,-0.035159215797445964,0.7739452253928257,0.0034847381486004646,0.6808442659425078,2.3391140639290278,2.3391140639290278,-0.00901290227866601,32.0,32,collect_pilot_labels,multimodal,numpy_ibc_linear_feature_ebm
0,raw_ebm,64,-1.783446334532417,1.783446334532417,-0.8768792315967487,0.13934398745455687,-0.8768792315967487,-0.9293779052795452,-1.0032661552432558,-0.8554896553158347,0.05249867368279648,-0.863144420411621,0.828125,-0.14935897435897436,-0.035159215797445964,0.8335620744598145,0.002444656432564784,0.7336664864869771,2.534295151868387,2.534295151868387,-0.0050755214890353985,64.0,64,collect_pilot_labels,multimodal,numpy_ibc_linear_feature_ebm
0,raw_ebm,128,-1.9932336886213842,1.9932336886213842,-1.045273303352424,0.0803063072290786,-1.045273303352424,-1.0011000463492286,-1.068861280533429,-0.9333388121650282,0.04417325700319541,-0.863144420411621,0.828125,-0.14935897435897436,-0.035159215797445964,0.8937289348958438,0.0015089018341061932,0.78952962699414,2.7188069107968547,2.7188069107968547,-0.0026311573711824254,128.0,128,collect_pilot_labels,multimodal,numpy_ibc_linear_feature_ebm
0,calibrated,1,-0.37435711772957736,0.37435711772957736,0.36418414514190917,0.39990234375,0.36418414514190917,0.32136064387126945,0.24390174387670926,0.39881954386582963,0.04282350127063972,0.36418414514190955,0.2265625,0.9840731801676882,0.9840731801676882,0.2265625,0.1808206837656501,0.18539457944937732,0.0,0.0,-3.885780586188048e-16,1.0,1,stop_early,multimodal,numpy_ibc_linear_feature_ebm
0,calibrated,2,-0.8906931557705401,0.8906931557705401,0.9127460441553508,0.6338293552398682,0.9127460441553508,0.8762259625367096,0.8216520413642505,0.9307998837091687,0.036520081618641176,1.1589314358089742,0.01171875,0.9085357471747372,0.9840731801676882,0.05983924865722656,0.1474659539915925,0.04111704545898932,0.006451318243895776,0.006451318243895776,0.5485618990134415,2.0,2,stop_early,multimodal,numpy_ibc_linear_feature_ebm
0,calibrated,4,-1.150877992532535,1.150877992532535,1.2488137145597702,0.856278269607003,1.2488137145597702,1.2462506807697442,1.2180260040673876,1.2744753574721008,0.0025630337900259814,1.4013240076975717,0.005859375,0.8329396729552191,0.9840731801676882,0.012007532432562584,0.10227220150239977,0.004108277687822951,0.014416610297011356,0.014416610297011356,0.1680338352022097,4.0,4,stop_early,multimodal,numpy_ibc_linear_feature_ebm
0,calibrated,8,-1.2668151410856943,1.2668151410856943,1.4326959658541134,0.9713908304548464,1.4326959658541134,1.431321478169382,1.4134570189901992,1.4491859373485647,0.0013744876847314735,1.5272758548740362,0.00390625,0.7971911478599222,0.9840731801676882,0.006545840333204194,0.07572361676640771,0.0014384495674309888,0.020761725583273494,0.020761725583273494,0.0459705628235858,8.0,8,stop_early,multimodal,numpy_ibc_linear_feature_ebm
0,calibrated,16,-1.3392669109488025,1.3392669109488025,1.541019035561805,0.9942563131030902,1.541019035561805,1.553359827205621,1.542558398467721,1.5641612559435212,0.012340791643816074,1.6002617102907708,0.0078125,0.779264328877495,0.9840731801676882,0.004838947940764486,0.060240970900967535,0.0009144595993865325,0.021761847924199662,0.021761847924199662,0.013540383713461446,16.0,16,stop_early,multimodal,numpy_ibc_linear_feature_ebm
0,calibrated,32,-1.390866342614022,1.390866342614022,1.606509813374964,0.9957367636695088,1.606509813374964,1.6074296672910302,1.5992764754605957,1.6155828591214647,0.0009198539160661934,1.6519621567703386,0.0,0.5802655677655678,0.9840731801676882,0.004259836295440017,0.04729599752714019,0.0006291565176157646,0.01814170660644754,0.01814170660644754,0.00409317361332244,32.0,32,stop_early,multimodal,numpy_ibc_linear_feature_ebm
0,calibrated,64,-1.42688739254281,1.42688739254281,1.6448925047014045,0.9978019455740775,1.6448925047014045,1.645864469316631,1.6415708161186413,1.650158122514621,0.0009719646152266392,1.6519621567703386,0.0,0.5802655677655678,0.9840731801676882,0.0021980543276837756,0.03240718003417383,0.00047291795900632677,0.012523415570233842,0.012523415570233842,0.0011994591039512642,64.0,64,stop_early,multimodal,numpy_ibc_linear_feature_ebm
0,calibrated,128,-1.4501619265925507,1.4501619265925507,1.6636368806983801,0.999703533113706,1.6636368806983801,1.6624744804082667,1.6592566395476733,1.6656923212688601,0.0011624002901133856,1.6519621567703386,0.0,0.5802655677655678,0.9840731801676882,0.000296466886294106,0.02079032072965755,0.0004365113120625379,0.009896726746050355,0.009896726746050355,0.0002928808749527445,128.0,128,stop_early,multimodal,numpy_ibc_linear_feature_ebm
0,value_shaped,1,18.10530719677396,-18.10530719677396,0.3641841451419093,0.39990234375,0.3641841451419093,0.32136064387126945,0.24390174387670926,0.39881954386582963,0.04282350127063983,0.36418414514190955,0.2265625,0.06610391188655183,0.06610391188655183,0.2265625,0.18082068376565022,0.185394579449377,-1.1102230246251565e-16,-1.1102230246251565e-16,-2.7755575615628914e-16,1.0,1,allow_high_n,multimodal,numpy_ibc_linear_feature_ebm
0,value_shaped,2,5.740141131925017,-5.740141131925017,0.30063586008370435,0.4681704044342041,0.30063586008370435,0.2992617824874419,0.21045192294123805,0.38807164203364575,0.0013740775962624574,0.18914314179768807,0.4072265625,-0.04856061351119376,0.06610391188655183,0.3299136161804199,0.05829349331596697,0.28065460869127556,0.6185615023155422,0.6185615023155422,-0.06354828505820492,2.0,2,allow_high_n,multimodal,numpy_ibc_linear_feature_ebm
0,value_shaped,4,2.0965385786921242,-2.0965385786921242,0.17582783043322847,0.4797601214343672,0.17582783043322847,0.12048981592541885,0.020592907765750623,0.22038672408508708,0.05533801450780962,0.0024299525643944747,0.5,0.23343908429750174,0.06610391188655183,0.4176709373674612,0.022366624638347786,0.36017076906914464,1.0874024944235532,1.0874024944235532,-0.06240401482523794,4.0,4,allow_high_n,multimodal,numpy_ibc_linear_feature_ebm
0,value_shaped,8,0.6402882276238944,-0.6402882276238944,0.19789018915078177,0.49885412734372925,0.19789018915078177,0.17779576587867993,0.07629357659451007,0.2792979551628498,0.02009442327210184,0.1927680145259893,0.43359375,0.46059739070725564,0.06610391188655183,0.4275984180974867,0.010492594836074362,0.3703014278410699,1.255567502286605,1.255567502286605,0.005515589679388325,8.0,8,allow_high_n,multimodal,numpy_ibc_linear_feature_ebm
0,value_shaped,16,-0.11698217577719762,0.11698217577719762,0.446358355477562,0.5815145374733794,0.446358355477562,0.5004754476709694,0.4035173241480713,0.5974335711938675,0.054117092193407434,0.7098907340259254,0.2578125,0.4683665995238967,0.06610391188655183,0.34596900482088616,0.006656452368918361,0.2964809620630093,1.1164225280084428,1.1164225280084428,0.031058520790847526,16.0,16,allow_high_n,multimodal,numpy_ibc_linear_feature_ebm
0,value_shaped,32,-0.628984893942183,0.628984893942183,0.8276018291714587,0.7136796208704315,0.8276018291714587,0.8238394078470743,0.7375240209667664,0.9101547947273823,0.003762421324384424,1.1382159810215429,0.109375,0.2864010989010989,0.06610391188655183,0.21529395496393774,0.005222220424566199,0.1797260080649773,0.7970496908099528,0.7970496908099528,0.02382771710586855,32.0,32,allow_high_n,multimodal,numpy_ibc_linear_feature_ebm
0,value_shaped,64,-1.0039294818248754,1.0039294818248754,1.1718995341852954,0.8461659576208795,1.1718995341852954,1.1649064869678891,1.101030746084288,1.2287822278514902,0.006993047217406234,1.1382159810215429,0.109375,0.2864010989010989,0.06610391188655183,0.09872361690542421,0.004538705299202965,0.08027691633650148,0.48551638608634295,0.48551638608634295,0.010759303281682394,64.0,64,allow_high_n,multimodal,numpy_ibc_linear_feature_ebm
0,value_shaped,128,-1.2643060105062913,1.2643060105062913,1.3872943193476506,0.9399553332010412,1.3872943193476506,1.3768945646091504,1.331725648547545,1.4220634806707557,0.010399754738500189,1.1382159810215429,0.109375,0.2864010989010989,0.06610391188655183,0.03186893946966782,0.003942732832822164,0.026610262557265892,0.2862392880967799,0.2862392880967799,0.0033655435181618003,128.0,128,allow_high_n,multimodal,numpy_ibc_linear_feature_ebm
0,support_penalized,1,18.36497073180913,-18.36497073180913,0.3641841451419094,0.39990234375,0.3641841451419094,0.32136064387126945,0.24390174387670926,0.39881954386582963,0.04282350127063994,0.36418414514190955,0.2265625,0.0606514448549318,0.0606514448549318,0.2265625,0.18082068376565022,0.185394579449377,-2.220446049250313e-16,-2.220446049250313e-16,-1.6653345369377348e-16,1.0,1,allow_high_n,multimodal,numpy_ibc_linear_feature_ebm
0,support_penalized,2,5.9271374537698716,-5.9271374537698716,0.2955704804028121,0.46794629096984863,0.2955704804028121,0.29308462315728295,0.2039867869547466,0.3821824593598193,0.002485857245529133,0.19542570042367763,0.40625,-0.08450142157213361,0.0606514448549318,0.33274078369140625,0.058594423028579624,0.28330344675799357,0.6236268819964345,0.6236268819964345,-0.0686136647390973,2.0,2,allow_high_n,multimodal,numpy_ibc_linear_feature_ebm
0,support_penalized,4,2.23591010762059,-2.23591010762059,0.15166588164874067,0.47506757151319334,0.15166588164874067,0.09826075065258652,-0.001985190992142588,0.19850669229731563,0.053405130996154154,-0.045917291177946906,0.521484375,0.1943742597074879,0.0606514448549318,0.4287840634674467,0.02250253009565397,0.37069153170043384,1.111564443208041,1.111564443208041,-0.0719522993770357,4.0,4,allow_high_n,multimodal,numpy_ibc_linear_feature_ebm
0,support_penalized,8,0.7584388195976765,-0.7584388195976765,0.13873453226566007,0.485174431684424,0.13873453226566007,0.09748059494790856,-0.005869973463099101,0.2008311633589162,0.04125393731775151,0.08854881585547661,0.4765625,0.43528839551384757,0.0606514448549318,0.4533225756821175,0.0104253516807636,0.39485677008771425,1.3147231591717268,1.3147231591717268,-0.003232837345770151,8.0,8,allow_high_n,multimodal,numpy_ibc_linear_feature_ebm
0,support_penalized,16,0.006817108889148169,-0.006817108889148169,0.3578848206025992,0.5622381377465275,0.3578848206025992,0.4106540642485776,0.30904874486164247,0.5122593836355127,0.0527692436459784,0.5950835642189011,0.3046875,0.5182429957883171,0.0606514448549318,0.385523323906019,0.00650736722789743,0.3343985625709232,1.2048960628834053,1.2048960628834053,0.02739378604211739,16.0,16,allow_high_n,multimodal,numpy_ibc_linear_feature_ebm
0,support_penalized,32,-0.49061432563703117,0.49061432563703117,0.7492373560170181,0.7019115838940527,0.7492373560170181,0.7747967451464297,0.682535769394245,0.8670577208986144,0.02555938912941158,1.099954986074676,0.140625,0.35352564102564105,0.0606514448549318,0.2557748732837368,0.005127611847446547,0.21876690283611736,0.8754141639643934,0.8754141639643934,0.024459533463401184,32.0,32,allow_high_n,multimodal,numpy_ibc_linear_feature_ebm
0,support_penalized,64,-0.8610109725462068,0.8610109725462068,1.1539105560152314,0.8524635253074417,1.1539105560152314,1.1440678694860882,1.0719076329360353,1.216228106036141,0.009842686529143219,1.099954986074676,0.140625,0.35352564102564105,0.0606514448549318,0.12262232825034391,0.00456390127339326,0.10316411753942917,0.5035053642564069,0.5035053642564069,0.012646037499944165,64.0,64,allow_high_n,multimodal,numpy_ibc_linear_feature_ebm
0,support_penalized,128,-1.1328325308953309,1.1328325308953309,1.4341060546146551,0.9549123533539471,1.4341060546146551,1.410401230151276,1.3628841066966129,1.4579183536059392,0.02370482446337907,1.099954986074676,0.140625,0.35352564102564105,0.0606514448549318,0.03738737875105961,0.004122512342097878,0.03073151784913723,0.23942755282977535,0.23942755282977535,0.004378054665615996,128.0,128,allow_high_n,multimodal,numpy_ibc_linear_feature_ebm
0,random,1,0.0,0.0,0.36418414514190955,0.39990234375,0.36418414514190955,0.32136064387126945,0.24390174387670926,0.39881954386582963,0.04282350127064011,0.36418414514190955,0.2265625,0.0,0.0,0.2265625,0.18082068376565016,0.18539457944937718,-3.885780586188048e-16,-3.885780586188048e-16,0.0,1.0,1,collect_pilot_labels,multimodal,numpy_ibc_linear_feature_ebm
0,random,2,0.0,0.0,0.36418414514190955,0.39990234375,0.36418414514190955,0.3322484388565756,0.2768532522780578,0.38764362543509345,0.03193570628533393,0.36418414514190955,0.2265625,0.0,0.0,0.2265625,0.18082068376565016,0.18539457944937718,0.555013217257337,0.555013217257337,0.0,2.0,2,collect_pilot_labels,multimodal,numpy_ibc_linear_feature_ebm
0,random,4,0.0,0.0,0.36418414514190955,0.39990234375,0.36418414514190955,0.34214974342581816,0.303503206536543,0.3807962803150933,0.02203440171609139,0.36418414514190955,0.2265625,0.0,0.0,0.2265625,0.18082068376565016,0.18539457944937718,0.899046179714872,0.899046179714872,0.0,4.0,4,collect_pilot_labels,multimodal,numpy_ibc_linear_feature_ebm
0,random,8,0.0,0.0,0.36418414514190955,0.39990234375,0.36418414514190955,0.358089044484412,0.3312338889655878,0.38494420000323615,0.006095100657497576,0.36418414514190955,0.2265625,0.0,0.0,0.2265625,0.18082068376565016,0.18539457944937718,1.0892735462954772,1.0892735462954772,0.0,8.0,8,collect_pilot_labels,multimodal,numpy_ibc_linear_feature_ebm
0,random,16,0.0,0.0,0.36418414514190955,0.39990234375,0.36418414514190955,0.3898307036634386,0.3706322609880336,0.4090291463388436,0.025646558521529028,0.36418414514190955,0.2265625,0.0,0.0,0.2265625,0.18082068376565016,0.18539457944937718,1.198596738344095,1.198596738344095,0.0,16.0,16,collect_pilot_labels,multimodal,numpy_ibc_linear_feature_ebm
0,random,32,0.0,0.0,0.36418414514190955,0.39990234375,0.36418414514190955,0.364496883288346,0.35216276113380046,0.37683100544289155,0.00031273814643645315,0.36418414514190955,0.2265625,0.0,0.0,0.2265625,0.18082068376565016,0.18539457944937718,1.2604673748395019,1.2604673748395019,0.0,32.0,32,collect_pilot_labels,multimodal,numpy_ibc_linear_feature_ebm
0,random,64,0.0,0.0,0.36418414514190955,0.39990234375,0.36418414514190955,0.36881092895807027,0.35939538909624885,0.3782264688198917,0.004626783816160718,0.36418414514190955,0.2265625,0.0,0.0,0.2265625,0.18082068376565016,0.18539457944937718,1.2932317751297289,1.2932317751297289,0.0,64.0,64,collect_pilot_labels,multimodal,numpy_ibc_linear_feature_ebm
0,random,128,0.0,0.0,0.36418414514190955,0.39990234375,0.36418414514190955,0.36156354299106386,0.354837775633575,0.3682893103485527,0.0026206021508456967,0.36418414514190955,0.2265625,0.0,0.0,0.2265625,0.18082068376565016,0.18539457944937718,1.3093494623025208,1.3093494623025208,0.0,128.0,128,collect_pilot_labels,multimodal,numpy_ibc_linear_feature_ebm
0,oracle,1,-0.36418414514190917,0.36418414514190917,0.36418414514190917,0.39990234375,0.36418414514190917,0.32136064387126945,0.24390174387670926,0.39881954386582963,0.04282350127063972,0.36418414514190955,0.2265625,1.0,1.0,0.2265625,0.18082068376565003,0.18539457944937732,0.0,0.0,-3.885780586188048e-16,1.0,1,stop_early,multimodal,numpy_ibc_linear_feature_ebm
0,oracle,2,-0.9191973623992465,0.9191973623992465,0.9191973623992465,0.6383450031280518,0.9191973623992465,0.8805249022544795,0.8261126762043276,0.9349371283046315,0.038672460144766996,1.1677062086857017,0.01171875,1.0,1.0,0.0586700439453125,0.1586333841526132,0.03977046712782337,0.0,0.0,0.5550132172573374,2.0,2,stop_early,multimodal,numpy_ibc_linear_feature_ebm
0,oracle,4,-1.2632303248567816,1.2632303248567816,1.2632303248567816,0.865784567875437,1.2632303248567816,1.2592782194857703,1.2315466757352085,1.2870097632363322,0.003952105371011205,1.4228540322679581,0.013671875,1.0,1.0,0.012610638987098355,0.12386591280185523,0.004145770197731023,0.0,0.0,0.1720164812287675,4.0,4,stop_early,multimodal,numpy_ibc_linear_feature_ebm
0,oracle,8,-1.453457691437387,1.453457691437387,1.453457691437387,0.9775522557423287,1.453457691437387,1.4525509533688103,1.4362068536093655,1.4688950531282552,0.0009067380685765514,1.5516307174731914,0.0,1.0,1.0,0.0069505844134620616,0.10238033820858675,0.001885012417551438,0.0,0.0,0.04755684164515134,8.0,8,stop_early,multimodal,numpy_ibc_linear_feature_ebm
0,oracle,16,-1.5627808834860046,1.5627808834860046,1.5627808834860046,0.9973506338352507,1.5627808834860046,1.5728143595388342,1.5641165868948668,1.5815121321828016,0.01003347605282956,1.6234080746148305,0.0,1.0,1.0,0.0024074346376586017,0.08215846114884395,0.0013315405177831245,0.0,0.0,0.013665399006077217,16.0,16,stop_early,multimodal,numpy_ibc_linear_feature_ebm
0,oracle,32,-1.6246515199814116,1.6246515199814116,1.6246515199814116,0.9998101934821663,1.6246515199814116,1.6275577301647963,1.6228827439228426,1.63223271640675,0.002906210183384772,1.657726877106379,0.0,1.0,1.0,0.00018974766909829748,0.06026590203535241,0.000850640950181389,0.0,0.0,0.0038669147809629323,32.0,32,stop_early,multimodal,numpy_ibc_linear_feature_ebm
0,oracle,64,-1.6574159202716383,1.6574159202716383,1.6574159202716383,0.9999992474909587,1.6574159202716383,1.6575336669515868,1.6551476016154656,1.659919732287708,0.00011774667994846055,1.657726877106379,0.0,1.0,1.0,7.525090378153831e-07,0.03985227301862343,0.000492807815452456,0.0,0.0,0.0010238875090695862,64.0,64,stop_early,multimodal,numpy_ibc_linear_feature_ebm
0,oracle,128,-1.6735336074444305,1.6735336074444305,1.6735336074444305,0.999999999990724,1.6735336074444305,1.6735068534086746,1.6721368080673291,1.67487689875002,2.675403575591595e-05,1.657726877106379,0.0,1.0,1.0,9.27607252374093e-12,0.025470418165594772,0.0003124842523939228,0.0,0.0,0.0002518388620748775,128.0,128,stop_early,multimodal,numpy_ibc_linear_feature_ebm
1,raw_ebm,1,300.2697007226341,-300.2697007226341,0.3670984339605487,0.40234375,0.3670984339605487,0.360611375782461,0.28480471685827263,0.43641803470664936,0.006487058178087701,0.36709843396054875,0.21826171875,-0.12352863757250013,-0.12352863757250013,0.21826171875,0.19055438978366984,0.18415045068178396,-2.220446049250313e-16,-2.220446049250313e-16,-5.551115123125783e-17,1.0,1,collect_pilot_labels,multimodal,numpy_ibc_linear_feature_ebm
1,raw_ebm,2,74.82879847140721,-74.82879847140721,0.20406345517087812,0.4167041778564453,0.20406345517087812,0.2229001927103155,0.13378424793822685,0.31201613748240414,0.018836737539437376,0.14562544302233432,0.4111328125,-0.40932706664401686,-0.12352863757250013,0.35005736351013184,0.04967157348348071,0.3028371720923637,0.7181345267257779,0.7181345267257779,-0.16303497878967058,2.0,2,collect_pilot_labels,multimodal,numpy_ibc_linear_feature_ebm
1,raw_ebm,4,14.188622553942645,-14.188622553942645,-0.13438332690691002,0.36162709243535573,-0.13438332690691002,-0.05175535731010358,-0.14823206748789208,0.04472135286768492,0.08262796959680643,-0.3768156537091101,0.625,-0.3648858876643664,-0.12352863757250013,0.5175801258528168,0.015978166162794766,0.45620716647954246,1.3982374092895609,1.3982374092895609,-0.16922339103889406,4.0,4,collect_pilot_labels,multimodal,numpy_ibc_linear_feature_ebm
1,raw_ebm,8,-7.3467487970067085,7.3467487970067085,-0.521810450993293,0.2583623589333128,-0.521810450993293,-0.563167343513106,-0.6549498042015169,-0.47138488282469515,0.041356892519813004,-0.7596566472496978,0.77734375,-0.28658159761959257,-0.12352863757250013,0.6776960565613126,0.0063037399105668225,0.6072066404204579,1.9736019862946237,1.9736019862946237,-0.09685678102159576,8.0,8,collect_pilot_labels,multimodal,numpy_ibc_linear_feature_ebm
1,raw_ebm,16,-15.957586611940439,15.957586611940439,-0.8555807746709294,0.1538742058788258,-0.8555807746709294,-0.8214995084454547,-0.9032469054472921,-0.7397521114436173,0.03408126622547469,-1.112457123762772,0.890625,-0.11326336751510713,-0.12352863757250013,0.8049585326353662,0.0029532259126164293,0.7278305500551667,2.415522004302859,2.415522004302859,-0.041721290459704546,16.0,16,collect_pilot_labels,multimodal,numpy_ibc_linear_feature_ebm
1,raw_ebm,32,-19.81768309391024,19.81768309391024,-1.0966076069054629,0.07506589011677159,-1.0966076069054629,-1.1623793590782276,-1.21450243588847,-1.1102562822679853,0.06577175217276476,-1.1764370578577295,0.921875,-0.04271978021978022,-0.12352863757250013,0.895930377541751,0.0014935627445291982,0.8109362938018723,2.7179248155821405,2.7179248155821405,-0.015064177014658342,32.0,32,collect_pilot_labels,multimodal,numpy_ibc_linear_feature_ebm
1,raw_ebm,64,-21.77592349671139,21.77592349671139,-1.2287578395808296,0.028318550036622352,-1.2287578395808296,-1.2337792952234685,-1.2784883862520353,-1.1890702041949017,0.0050214556426388945,-1.1764370578577295,0.921875,-0.04271978021978022,-0.12352863757250013,0.9532650732232925,0.0007737474560520519,0.8537264172379253,2.8843074110111475,2.8843074110111475,-0.004129694771105211,64.0,64,collect_pilot_labels,multimodal,numpy_ibc_linear_feature_ebm
1,raw_ebm,128,-22.83491139205675,22.83491139205675,-1.2702758569239578,0.006502951618552631,-1.2702758569239578,-1.2638206606821047,-1.2941201143677228,-1.2335212069964867,0.0064551962418530895,-1.1764370578577295,0.921875,-0.04271978021978022,-0.12352863757250013,0.987162506780109,0.0004277931874568422,0.8631574190129443,2.945273142829212,2.945273142829212,-0.0006487190209863783,128.0,128,collect_pilot_labels,multimodal,numpy_ibc_linear_feature_ebm
1,calibrated,1,-0.3548864934323609,0.3548864934323609,0.3670984339605484,0.40234375,0.3670984339605484,0.360611375782461,0.28480471685827263,0.43641803470664936,0.006487058178087424,0.36709843396054875,0.21826171875,0.9836291319775002,0.9836291319775002,0.21826171875,0.19055438978367048,0.18415045068178398,5.551115123125783e-17,5.551115123125783e-17,-3.3306690738754696e-16,1.0,1,stop_early,multimodal,numpy_ibc_linear_feature_ebm
1,calibrated,2,-0.8803146770181774,0.8803146770181774,0.9148236004584415,0.6350417137145996,0.9148236004584415,0.9314383074605971,0.8826773424797679,0.9801992724414262,0.016614707002155615,1.161799880309532,0.0087890625,0.9134263576460911,0.9836291319775002,0.056632280349731445,0.15915537154058876,0.040615174594653365,0.007374381438214561,0.007374381438214561,0.547725166497893,2.0,2,stop_early,multimodal,numpy_ibc_linear_feature_ebm
1,calibrated,4,-1.1554893345830046,1.1554893345830046,1.2501979446285914,0.8537286409388116,1.2501979446285914,1.2478422223762433,1.2173763094406878,1.2783081353117989,0.002355722252348036,1.4014488476856453,0.0078125,0.8500667157333974,0.9836291319775002,0.011988606730994888,0.11010683550689833,0.00399966758970992,0.013656137754059383,0.013656137754059383,0.16768717208507494,4.0,4,stop_early,multimodal,numpy_ibc_linear_feature_ebm
1,calibrated,8,-1.281836252778712,1.281836252778712,1.4335762869214443,0.9666550047474409,1.4335762869214443,1.420585306147082,1.402308007407109,1.4388626048870548,0.012990980774362448,1.526806132771727,0.0078125,0.7954058422980087,0.9836291319775002,0.008641652556966549,0.07740546566400672,0.001616845499605524,0.018215248379886306,0.018215248379886306,0.04584458557321325,8.0,8,stop_early,multimodal,numpy_ibc_linear_feature_ebm
1,calibrated,16,-1.3594919692534946,1.3594919692534946,1.5414257845786774,0.9916736265767189,1.5414257845786774,1.5535001304707727,1.5435578581249123,1.5634424028166332,0.012074345892095328,1.6008673270345488,0.0078125,0.6846101904413111,0.9836291319775002,0.006977644096319251,0.05644002742022818,0.0014189737311249687,0.01851544505325231,0.01851544505325231,0.013481187207154133,16.0,16,stop_early,multimodal,numpy_ibc_linear_feature_ebm
1,calibrated,32,-1.4143488905716368,1.4143488905716368,1.6046524269960323,0.9954259923775359,1.6046524269960323,1.6001392367470635,1.5932575142134782,1.6070209592806488,0.00451319024896879,1.633911047939379,0.0,0.7461538461538462,0.9836291319775002,0.0045664441338112705,0.0408067646934175,0.0013804233200609283,0.016664781680645335,0.016664781680645335,0.0039516651510846795,32.0,32,stop_early,multimodal,numpy_ibc_linear_feature_ebm
1,calibrated,64,-1.4565080707868694,1.4565080707868694,1.6418424761180557,0.9981978796820649,1.6418424761180557,1.6401791572623232,1.6358136376713388,1.6445446768533076,0.001663318855732454,1.633911047939379,0.0,0.7461538461538462,0.9836291319775002,0.0018021199962890196,0.028677546319814555,0.0013145651848001387,0.013707095312262219,0.013707095312262219,0.001162189035063231,64.0,64,stop_early,multimodal,numpy_ibc_linear_feature_ebm
1,calibrated,128,-1.4903373170272942,1.4903373170272942,1.6652375479791919,0.9998115169286227,1.6652375479791919,1.6653318769014185,1.6624252058218645,1.6682385479809725,9.432892222660527e-05,1.633911047939379,0.0,0.7461538461538462,0.9836291319775002,0.00018848307137734005,0.02119872572053736,0.001046896547568551,0.009759737926062328,0.009759737926062328,0.00036554799783025324,128.0,128,stop_early,multimodal,numpy_ibc_linear_feature_ebm
1,value_shaped,1,300.9122323463825,-300.9122323463825,0.36709843396054864,0.40234375,0.36709843396054864,0.360611375782461,0.28480471685827263,0.43641803470664936,0.006487058178087646,0.36709843396054875,0.21826171875,-0.11668266483653542,-0.11668266483653542,0.21826171875,0.19055438978366984,0.1841504506817839,-1.6653345369377348e-16,-1.6653345369377348e-16,-1.1102230246251565e-16,1.0,1,block_high_n,multimodal,numpy_ibc_linear_feature_ebm
1,value_shaped,2,75.59754266431553,-75.59754266431553,0.20819850377173701,0.41810131072998047,0.20819850377173701,0.2229001927103155,0.13378424793822685,0.31201613748240414,0.014701688938578483,0.14562544302233432,0.4111328125,-0.3866914137937201,-0.11668266483653542,0.3485276699066162,0.04966933288697459,0.30148162750697943,0.713999478124919,0.713999478124919,-0.15889993018881163,2.0,2,block_high_n,multimodal,numpy_ibc_linear_feature_ebm
1,value_shaped,4,15.213255854934298,-15.213255854934298,-0.11763194188920369,0.36719523995066083,-0.11763194188920369,-0.03779912461116464,-0.13431672788624374,0.05871847866391445,0.07983281727803904,-0.35394257112828137,0.615234375,-0.3199576423936554,-0.11668266483653542,0.5114282243552566,0.015963247211584042,0.4506720431618916,1.3814860242718545,1.3814860242718545,-0.16291522283047036,4.0,4,block_high_n,multimodal,numpy_ibc_linear_feature_ebm
1,value_shaped,8,-6.055511155192514,6.055511155192514,-0.47946333824762183,0.2722010902043489,-0.47946333824762183,-0.5404908507775303,-0.6329713458787609,-0.4480103556762997,0.06102751252990851,-0.6944151408528262,0.75390625,-0.2743340867475395,-0.11668266483653542,0.6623677520384869,0.0062677642752390185,0.5931189348594326,1.9312548735489525,1.9312548735489525,-0.09045784908960454,8.0,8,block_high_n,multimodal,numpy_ibc_linear_feature_ebm
1,value_shaped,16,-14.452589502403239,14.452589502403239,-0.7782429374252491,0.1785127448506284,-0.7782429374252491,-0.741386945990785,-0.8276440625255056,-0.6551298294560645,0.03685599143446405,-0.9811456307550188,0.84375,-0.03749885552096686,-0.11668266483653542,0.7773956234227447,0.0029017570566377045,0.7018354244693319,2.338184167057179,2.338184167057179,-0.03734744989720341,16.0,16,block_high_n,multimodal,numpy_ibc_linear_feature_ebm
1,value_shaped,32,-18.163808516576736,18.163808516576736,-0.9873389173018102,0.1081012293294403,-0.9873389173018102,-1.024031373340583,-1.089941231574912,-0.958121515106254,0.0366924560387728,-1.0686746523808128,0.875,0.055357142857142855,-0.11668266483653542,0.8575987329470102,0.0014521155997770205,0.773355379300941,2.608656125978488,2.608656125978488,-0.013068498742285072,32.0,32,block_high_n,multimodal,numpy_ibc_linear_feature_ebm
1,value_shaped,64,-20.042282584195277,20.042282584195277,-1.103759025975332,0.06247891333612397,-1.103759025975332,-1.0445832504688088,-1.1101493777265767,-0.9790171232110411,0.0591757755065232,-1.0686746523808128,0.875,0.055357142857142855,-0.11668266483653542,0.9110110365135996,0.0007614978974903138,0.8085251199330736,2.75930859740565,2.75930859740565,-0.0036381283960475568,64.0,64,block_high_n,multimodal,numpy_ibc_linear_feature_ebm
1,value_shaped,128,-21.077518408125453,21.077518408125453,-1.1538904189990113,0.03330199294749693,-1.1538904189990113,-1.1700277499231972,-1.2112025305089307,-1.1288529693374638,0.0161373309241859,-1.0686746523808128,0.875,0.055357142857142855,-0.11668266483653542,0.9523454155506549,0.00043861961008165713,0.8175207360999346,2.8288877049042656,2.8288877049042656,-0.0007833030159949891,128.0,128,block_high_n,multimodal,numpy_ibc_linear_feature_ebm
1,support_penalized,1,301.166545498686,-301.166545498686,0.36709843396054864,0.40234375,0.36709843396054864,0.360611375782461,0.28480471685827263,0.43641803470664936,0.006487058178087646,0.36709843396054875,0.21826171875,-0.11681362372291057,-0.11681362372291057,0.21826171875,0.19055438978366984,0.18415045068178393,-1.6653345369377348e-16,-1.6653345369377348e-16,-1.1102230246251565e-16,1.0,1,block_high_n,multimodal,numpy_ibc_linear_feature_ebm
1,support_penalized,2,75.80014162024439,-75.80014162024439,0.20796559439731035,0.4181528091430664,0.20796559439731035,0.2229001927103155,0.13378424793822685,0.31201613748240414,0.014934598313005143,0.14562544302233432,0.4111328125,-0.38813718171089334,-0.11681362372291057,0.34869980812072754,0.04968487590742069,0.3016440067669103,0.7142323874993457,0.7142323874993457,-0.1591328395632383,2.0,2,block_high_n,multimodal,numpy_ibc_linear_feature_ebm
1,support_penalized,4,15.348189909064478,-15.348189909064478,-0.11908405954536318,0.367029240199372,-0.11908405954536318,-0.03779912461116464,-0.13431672788624374,0.05871847866391445,0.08128493493419853,-0.3557378154793106,0.6171875,-0.32482855254574794,-0.11681362372291057,0.5121688244549318,0.015979573183542446,0.4513713382924676,1.382938141928014,1.382938141928014,-0.16352482697133677,4.0,4,block_high_n,multimodal,numpy_ibc_linear_feature_ebm
1,support_penalized,8,-5.979389736926437,5.979389736926437,-0.4839268750167571,0.271295330418012,-0.4839268750167571,-0.5452491284652357,-0.6375760855550764,-0.4529221713753949,0.06132225344847858,-0.7044041486869762,0.7578125,-0.2745694094758526,-0.11681362372291057,0.6643772445114386,0.00628218619012707,0.5950313361376252,1.9357184103180878,1.9357184103180878,-0.09121070386784848,8.0,8,block_high_n,multimodal,numpy_ibc_linear_feature_ebm
1,support_penalized,16,-14.417825609756616,14.417825609756616,-0.7879620150357725,0.17626627449963822,-0.7879620150357725,-0.7480855828323396,-0.8341125541868374,-0.6620586114778418,0.03987643220343284,-1.0023243978411478,0.8515625,-0.06807933528657754,-0.11681362372291057,0.7815170171985919,0.002913298493365411,0.705803294383399,2.347903244667702,2.347903244667702,-0.03800439250237692,16.0,16,block_high_n,multimodal,numpy_ibc_linear_feature_ebm
1,support_penalized,32,-18.15114487554191,18.15114487554191,-1.0049145889457913,0.10413148543450752,-1.0049145889457913,-1.051785194831221,-1.1154194166217042,-0.9881509730407376,0.04687060588542957,-1.0816261619259444,0.890625,0.00924908424908425,-0.11681362372291057,0.8648167598197531,0.0014566734798899296,0.7804184553705213,2.626231797622469,2.626231797622469,-0.01355953586937618,32.0,32,block_high_n,multimodal,numpy_ibc_linear_feature_ebm
1,support_penalized,64,-20.03519197715022,20.03519197715022,-1.132534477162227,0.056429851243160495,-1.132534477162227,-1.0772438348713946,-1.1406976200972359,-1.0137900496455534,0.05529064229083236,-1.0816261619259444,0.890625,0.00924908424908425,-0.11681362372291057,0.9221180982933388,0.0007568576929341607,0.8201269641717904,2.7880840485925447,2.7880840485925447,-0.003988121506763614,64.0,64,block_high_n,multimodal,numpy_ibc_linear_feature_ebm
1,support_penalized,128,-21.064908795109293,21.064908795109293,-1.1933344898069287,0.025560676524530965,-1.1933344898069287,-1.2039159328208209,-1.2417293998545353,-1.1661024657871064,0.010581443013892189,-1.0816261619259444,0.890625,0.00924908424908425,-0.11681362372291057,0.9652638755978739,0.0004262806085428055,0.8338120600514749,2.868331775712183,2.868331775712183,-0.000950000197573464,128.0,128,block_high_n,multimodal,numpy_ibc_linear_feature_ebm
1,random,1,0.0,0.0,0.36709843396054875,0.40234375,0.36709843396054875,0.360611375782461,0.28480471685827263,0.43641803470664936,0.006487058178087757,0.36709843396054875,0.21826171875,0.0,0.0,0.21826171875,0.19055438978367048,0.18415045068178396,-2.7755575615628914e-16,-2.7755575615628914e-16,0.0,1.0,1,collect_pilot_labels,multimodal,numpy_ibc_linear_feature_ebm
1,random,2,0.0,0.0,0.36709843396054875,0.40234375,0.36709843396054875,0.38732995980413465,0.3341500164393277,0.4405099031689416,0.020231525843585896,0.36709843396054875,0.21826171875,0.0,0.0,0.21826171875,0.19055438978367048,0.18415045068178396,0.5550995479361073,0.5550995479361073,0.0,2.0,2,collect_pilot_labels,multimodal,numpy_ibc_linear_feature_ebm
1,random,4,0.0,0.0,0.36709843396054875,0.40234375,0.36709843396054875,0.3825975787591697,0.34370928298505693,0.4214858745332825,0.015499144798620967,0.36709843396054875,0.21826171875,0.0,0.0,0.21826171875,0.19055438978367048,0.18415045068178396,0.896755648422102,0.896755648422102,0.0,4.0,4,collect_pilot_labels,multimodal,numpy_ibc_linear_feature_ebm
1,random,8,0.0,0.0,0.36709843396054875,0.40234375,0.36709843396054875,0.33564030653017757,0.3088814753786537,0.36239913768170146,0.031458127430371186,0.36709843396054875,0.21826171875,0.0,0.0,0.21826171875,0.19055438978367048,0.18415045068178396,1.084693101340782,1.084693101340782,0.0,8.0,8,collect_pilot_labels,multimodal,numpy_ibc_linear_feature_ebm
1,random,16,0.0,0.0,0.36709843396054875,0.40234375,0.36709843396054875,0.3681326698049603,0.34763412610349986,0.3886312135064207,0.0010342358444115352,0.36709843396054875,0.21826171875,0.0,0.0,0.21826171875,0.19055438978367048,0.18415045068178396,1.192842795671381,1.192842795671381,0.0,16.0,16,collect_pilot_labels,multimodal,numpy_ibc_linear_feature_ebm
1,random,32,0.0,0.0,0.36709843396054875,0.40234375,0.36709843396054875,0.36929228319866864,0.3562427007270702,0.38234186567026707,0.0021938492381198826,0.36709843396054875,0.21826171875,0.0,0.0,0.21826171875,0.19055438978367048,0.18415045068178396,1.2542187747161289,1.2542187747161289,0.0,32.0,32,collect_pilot_labels,multimodal,numpy_ibc_linear_feature_ebm
1,random,64,0.0,0.0,0.36709843396054875,0.40234375,0.36709843396054875,0.363744048651994,0.35407647358809,0.373411623715898,0.0033543853085547526,0.36709843396054875,0.21826171875,0.0,0.0,0.21826171875,0.19055438978367048,0.18415045068178396,1.2884511374697691,1.2884511374697691,0.0,64.0,64,collect_pilot_labels,multimodal,numpy_ibc_linear_feature_ebm
1,random,128,0.0,0.0,0.36709843396054875,0.40234375,0.36709843396054875,0.3731129169849361,0.3666082566271391,0.3796175773427331,0.00601448302438734,0.36709843396054875,0.21826171875,0.0,0.0,0.21826171875,0.19055438978367048,0.18415045068178396,1.3078988519447055,1.3078988519447055,0.0,128.0,128,collect_pilot_labels,multimodal,numpy_ibc_linear_feature_ebm
1,oracle,1,-0.3670984339605485,0.3670984339605485,0.3670984339605485,0.40234375,0.3670984339605485,0.360611375782461,0.28480471685827263,0.43641803470664936,0.006487058178087479,0.36709843396054875,0.21826171875,1.0,1.0,0.21826171875,0.1905543897836703,0.18415045068178396,0.0,0.0,-2.7755575615628914e-16,1.0,1,stop_early,multimodal,numpy_ibc_linear_feature_ebm
1,oracle,2,-0.922197981896656,0.922197981896656,0.922197981896656,0.6409854888916016,0.922197981896656,0.9380878508887495,0.889584679530291,0.986591022247208,0.015889868992093437,1.1706830042708114,0.009765625,1.0,1.0,0.05466151237487793,0.16738976268283276,0.038744764799348706,0.0,0.0,0.5550995479361076,2.0,2,stop_early,multimodal,numpy_ibc_linear_feature_ebm
1,oracle,4,-1.2638540823826507,1.2638540823826507,1.2638540823826507,0.8664412961115886,1.2638540823826507,1.2605635705833944,1.2306712262899229,1.290455914876866,0.0032905117992563238,1.4202027186171968,0.013671875,1.0,1.0,0.012772323339902414,0.1307203247255791,0.0038839169850823003,0.0,0.0,0.17082805024299735,4.0,4,stop_early,multimodal,numpy_ibc_linear_feature_ebm
1,oracle,8,-1.4517915353013306,1.4517915353013306,1.4517915353013306,0.973803755727401,1.4517915353013306,1.4389990854137245,1.4222105750895153,1.4557875957379336,0.012792449887606194,1.551584075543817,0.015625,1.0,1.0,0.01092593859848233,0.1058211770044947,0.0019641130989821697,0.0,0.0,0.04698436322966998,8.0,8,stop_early,multimodal,numpy_ibc_linear_feature_ebm
1,oracle,16,-1.5599412296319297,1.5599412296319297,1.5599412296319297,0.990389348275331,1.5599412296319297,1.566466642535104,1.5575781312514965,1.5753551538187114,0.00652541290317421,1.6167377265154879,0.0078125,1.0,1.0,0.00937434436782092,0.08283460955493666,0.001740855961908825,0.0,0.0,0.013518711791324883,16.0,16,stop_early,multimodal,numpy_ibc_linear_feature_ebm
1,oracle,32,-1.6213172086766776,1.6213172086766776,1.6213172086766776,0.9948528370250991,1.6213172086766776,1.6196544586259845,1.614522545341652,1.6247863719103168,0.0016627500506931625,1.6532657407905376,0.0,1.0,1.0,0.005147106433605649,0.06211276076897648,0.0013599010119983886,0.0,0.0,0.0038359986902967436,32.0,32,stop_early,multimodal,numpy_ibc_linear_feature_ebm
1,oracle,64,-1.655549571430318,1.655549571430318,1.655549571430318,0.9988390219079731,1.655549571430318,1.6547951229765343,1.6519375762758128,1.6576526696772558,0.0007544484537835849,1.6532657407905376,0.0,1.0,1.0,0.0011609780920236515,0.04245132155981166,0.0009216784111873567,0.0,0.0,0.0010697613360512587,64.0,64,stop_early,multimodal,numpy_ibc_linear_feature_ebm
1,oracle,128,-1.6749972859052542,1.6749972859052542,1.6749972859052542,0.9999552217666124,1.6749972859052542,1.6756056547018783,1.673968362745959,1.6772429466577976,0.0006083687966240703,1.6532657407905376,0.0,1.0,1.0,4.477823338748538e-05,0.025842555029610713,0.0005699028436753146,0.0,0.0,0.00030387053867087996,128.0,128,stop_early,multimodal,numpy_ibc_linear_feature_ebm
2,raw_ebm,1,105.72677522168684,-105.72677522168684,0.35674835331076743,0.41552734375,0.35674835331076743,0.2937630623314371,0.213807987326118,0.37371813733675624,0.06298529097933031,0.3567483533107677,0.240234375,-0.15844607591833493,-0.15844607591833493,0.240234375,0.18449360673298384,0.19838256994377643,-5.551115123125783e-16,-5.551115123125783e-16,-2.7755575615628914e-16,1.0,1,collect_pilot_labels,multimodal,numpy_ibc_linear_feature_ebm
2,raw_ebm,2,26.41701696043136,-26.41701696043136,0.16974807594081248,0.4191296100616455,0.16974807594081248,0.20058556910856318,0.10786814912234867,0.2933029890947777,0.030837493167750696,0.08070499108089299,0.447265625,-0.42381342312781634,-0.15844607591833493,0.3784308433532715,0.05118877811147858,0.3241157060702875,0.7586664698435153,0.7586664698435153,-0.18700027736995495,2.0,2,collect_pilot_labels,multimodal,numpy_ibc_linear_feature_ebm
2,raw_ebm,4,4.874210886183706,-4.874210886183706,-0.1819987637789493,0.34831609502299443,-0.1819987637789493,-0.15949804333097045,-0.2582201883125602,-0.060775898349380714,0.02250072044797885,-0.45878701676610356,0.666015625,-0.2710694580343553,-0.15844607591833493,0.5467015191562723,0.01661829478076202,0.47743101848334557,1.4596056738985965,1.4596056738985965,-0.1758734198598809,4.0,4,collect_pilot_labels,multimodal,numpy_ibc_linear_feature_ebm
2,raw_ebm,8,-2.6484580264456468,2.6484580264456468,-0.5391198351482569,0.24518620207006697,-0.5391198351482569,-0.640307472645731,-0.7290936022759662,-0.5515213430154957,0.10118763749747406,-0.7809117896228464,0.77734375,-0.15745307850766765,-0.15844607591833493,0.6909975085929743,0.006623555928519708,0.6142547504490855,1.997378042069454,1.997378042069454,-0.0892802678423269,8.0,8,collect_pilot_labels,multimodal,numpy_ibc_linear_feature_ebm
2,raw_ebm,16,-5.59020765648661,5.59020765648661,-0.8012309738372613,0.1634266833698137,-0.8012309738372613,-0.7969259672441299,-0.8798185913729573,-0.7140333431153025,0.0043050065931313775,-0.9873438353014067,0.859375,-0.10361540926570226,-0.15844607591833493,0.7858785637284282,0.0035372171588737965,0.709325127675668,2.3573009407418755,2.3573009407418755,-0.03276389233612555,16.0,16,collect_pilot_labels,multimodal,numpy_ibc_linear_feature_ebm
2,raw_ebm,32,-6.964041826616825,6.964041826616825,-0.9776911592793425,0.11119161756148939,-0.9776911592793425,-1.0028812940133336,-1.0746658847321637,-0.9310967032945034,0.02519013473399112,-1.1413844666399504,0.90625,-0.11021062271062271,-0.15844607591833493,0.8436984773903325,0.0022345016833793595,0.7714364741745462,2.590244037904913,2.590244037904913,-0.011028761590130075,32.0,32,collect_pilot_labels,multimodal,numpy_ibc_linear_feature_ebm
2,raw_ebm,64,-7.726025420254791,7.726025420254791,-1.09563130142441,0.07903423111416195,-1.09563130142441,-1.1332835130202317,-1.191745628295548,-1.0748213977449153,0.03765221159582177,-1.1413844666399504,0.90625,-0.11021062271062271,-0.15844607591833493,0.875350267561374,0.001506367595207872,0.8126951033534369,2.7425083942087625,2.7425083942087625,-0.003685629442033357,64.0,64,collect_pilot_labels,multimodal,numpy_ibc_linear_feature_ebm
2,raw_ebm,128,-8.192055181351654,8.192055181351654,-1.1727906504004895,0.05981203115408362,-1.1727906504004895,-1.1830119807152302,-1.2369520432974868,-1.1290719181329736,0.010221330314740706,-1.1413844666399504,0.90625,-0.11021062271062271,-0.15844607591833493,0.8871022178900014,0.0010793749988705918,0.8401140181676825,2.840852236670245,2.840852236670245,-0.0012056148277512432,128.0,128,collect_pilot_labels,multimodal,numpy_ibc_linear_feature_ebm
2,calibrated,1,-0.36279805744953897,0.36279805744953897,0.35674835331076704,0.41552734375,0.35674835331076704,0.2937630623314371,0.213807987326118,0.37371813733675624,0.06298529097932992,0.3567483533107677,0.240234375,0.9766834858162071,0.9766834858162071,0.240234375,0.18449360673298387,0.19838256994377687,-1.6653345369377348e-16,-1.6653345369377348e-16,-6.661338147750939e-16,1.0,1,stop_early,multimodal,numpy_ibc_linear_feature_ebm
2,calibrated,2,-0.9077498649743985,0.9077498649743985,0.9189547562425328,0.6492307186126709,0.9189547562425328,0.9079303989164337,0.8526939984384178,0.9631667993944496,0.011024357326099077,1.1799073024365396,0.0107421875,0.8664400235140548,0.9766834858162071,0.06641817092895508,0.15848305362903758,0.046022004095695235,0.009459789541794938,0.009459789541794938,0.5622064029317657,2.0,2,stop_early,multimodal,numpy_ibc_linear_feature_ebm
2,calibrated,4,-1.1927787988820355,1.1927787988820355,1.2566358960890787,0.8619321431555704,1.2566358960890787,1.2444859596412734,1.21401097364533,1.2749609456372168,0.012149936447805265,1.4014074529012892,0.0078125,0.7311444457319097,0.9766834858162071,0.013307680312777848,0.1100947487023698,0.004611266310566714,0.020971014030568558,0.020971014030568558,0.16884056992327295,4.0,4,stop_early,multimodal,numpy_ibc_linear_feature_ebm
2,calibrated,8,-1.316238068649145,1.316238068649145,1.4278667128400928,0.9676236103900664,1.4278667128400928,1.4127781364539627,1.3957551573702391,1.4298011155376862,0.015088576386130148,1.5082399249729947,0.01171875,0.6921313515678645,0.9766834858162071,0.008348985673814358,0.07538592663788313,0.001735413305833976,0.03039149408110431,0.03039149408110431,0.04280770418775354,8.0,8,stop_early,multimodal,numpy_ibc_linear_feature_ebm
2,calibrated,16,-1.3898041646827617,1.3898041646827617,1.5238209539568484,0.9917977312905993,1.5238209539568484,1.5219037434218246,1.5109040811555248,1.5329034056881243,0.0019172105350238056,1.5779726130998863,0.0,0.5635529207104926,0.9766834858162071,0.006374797378968984,0.05325924932164611,0.001521035291122162,0.03224901294776594,0.03224901294776594,0.011994280139594443,16.0,16,stop_early,multimodal,numpy_ibc_linear_feature_ebm
2,calibrated,32,-1.444276065800786,1.444276065800786,1.5830726376829074,0.9970185233289881,1.5830726376829074,1.586935308036709,1.5798423643864028,1.5940282516870152,0.0038626703538016116,1.6138653792942927,0.0,0.5084706959706959,0.9766834858162071,0.002949510847497846,0.03813923854022772,0.0013433057335772178,0.029480240942663105,0.029480240942663105,0.0037032302328786904,32.0,32,stop_early,multimodal,numpy_ibc_linear_feature_ebm
2,calibrated,64,-1.488167679875072,1.488167679875072,1.620288046195336,0.9994540068289838,1.620288046195336,1.6201211131089215,1.614787504518524,1.625454721699319,0.0001669330864144669,1.6138653792942927,0.0,0.5084706959706959,0.9766834858162071,0.0005459773169785326,0.027519333809958715,0.0013473460854985524,0.026589046589016396,0.026589046589016396,0.0011629815160133922,64.0,64,stop_early,multimodal,numpy_ibc_linear_feature_ebm
2,calibrated,128,-1.523536988927101,1.523536988927101,1.6447711525958688,0.999984361729186,1.6447711525958688,1.6454339127663493,1.6415760158831878,1.6492918096495108,0.0006627601704805031,1.6138653792942927,0.0,0.5084706959706959,0.9766834858162071,1.5638270810614783e-05,0.020869923023365468,0.0014362406940663867,0.023290433673886834,0.023290433673886834,0.00038254853750832596,128.0,128,stop_early,multimodal,numpy_ibc_linear_feature_ebm
2,value_shaped,1,106.38822191576118,-106.38822191576118,0.35674835331076743,0.41552734375,0.35674835331076743,0.2937630623314371,0.213807987326118,0.37371813733675624,0.06298529097933031,0.3567483533107677,0.240234375,-0.13691174755749047,-0.13691174755749047,0.240234375,0.18449360673298384,0.1983825699437764,-5.551115123125783e-16,-5.551115123125783e-16,-2.7755575615628914e-16,1.0,1,block_high_n,multimodal,numpy_ibc_linear_feature_ebm
2,value_shaped,2,27.21833267051413,-27.21833267051413,0.1830634299851235,0.4234731197357178,0.1830634299851235,0.20908388142863354,0.11652397905615437,0.30164378380111273,0.026020451443510034,0.08322901818702985,0.4462890625,-0.3551173579321937,-0.13691174755749047,0.3735494613647461,0.05120609617298064,0.319706185166232,0.7453511157992042,0.7453511157992042,-0.17368492332564392,2.0,2,block_high_n,multimodal,numpy_ibc_linear_feature_ebm
2,value_shaped,4,5.924222672808891,-5.924222672808891,-0.12777413117271133,0.36555722552014913,-0.12777413117271133,-0.11084689908575364,-0.21004004201948595,-0.011653756152021341,0.01692723208695769,-0.38800778387665535,0.638671875,-0.14276612621736992,-0.13691174755749047,0.5269168997256202,0.016650127109392766,0.4592840494413728,1.4053810412923586,1.4053810412923586,-0.15541878057891742,4.0,4,block_high_n,multimodal,numpy_ibc_linear_feature_ebm
2,value_shaped,8,-1.3759834722275914,1.3759834722275914,-0.39890046143570695,0.2886009051836819,-0.39890046143570695,-0.5043507806041078,-0.5978506698982983,-0.41085089130991725,0.10545031916840081,-0.5831112178416686,0.70703125,0.02635757610437171,-0.13691174755749047,0.6403827708130552,0.00666692379066762,0.5669811330125633,1.8571586683569041,1.8571586683569041,-0.0677815825657489,8.0,8,block_high_n,multimodal,numpy_ibc_linear_feature_ebm
2,value_shaped,16,-4.1822620242768975,4.1822620242768975,-0.5268829306639965,0.24644544936932497,-0.5268829306639965,-0.5476919585544603,-0.6413874570761412,-0.4539964600327794,0.020809027890463794,-0.5822260975071485,0.71875,0.034317203808826226,-0.13691174755749047,0.6877854227217606,0.003602967190912386,0.6163978526452911,2.0829528975686107,2.0829528975686107,-0.015997808653536193,16.0,16,block_high_n,multimodal,numpy_ibc_linear_feature_ebm
2,value_shaped,32,-5.491161853825911,5.491161853825911,-0.5271207824252434,0.24519684469910327,-0.5271207824252434,-0.6054474678984362,-0.6984922253856999,-0.5124027104111725,0.07832668547319277,-0.547692612907084,0.6875,0.12403846153846154,-0.13691174755749047,0.6825644376036425,0.0023393442591550318,0.6179793970985903,2.139673661050814,2.139673661050814,-1.4865735077931874e-05,32.0,32,block_high_n,multimodal,numpy_ibc_linear_feature_ebm
2,value_shaped,64,-6.236913112860166,6.236913112860166,-0.42997452786909446,0.2727631740564572,-0.42997452786909446,-0.41226959355842285,-0.5103812735251938,-0.31415791359165196,0.017704934310671605,-0.547692612907084,0.6875,0.12403846153846154,-0.13691174755749047,0.6343851917440585,0.0016319077234976346,0.5834818914133277,2.076851620653447,2.076851620653447,0.0030358204548796546,64.0,64,block_high_n,multimodal,numpy_ibc_linear_feature_ebm
2,value_shaped,128,-6.73270134143371,6.73270134143371,-0.23367411953511796,0.33369224614358334,-0.23367411953511796,-0.21557076004756343,-0.3159542549436958,-0.11518726515143105,0.018103359487554538,-0.547692612907084,0.6875,0.12403846153846154,-0.13691174755749047,0.5437887553200024,0.001158760664692724,0.5130317340808807,1.9017357058048736,1.9017357058048736,0.0030671938802183827,128.0,128,block_high_n,multimodal,numpy_ibc_linear_feature_ebm
2,support_penalized,1,106.63004067832196,-106.63004067832196,0.3567483533107675,0.41552734375,0.3567483533107675,0.2937630623314371,0.213807987326118,0.37371813733675624,0.06298529097933037,0.3567483533107677,0.240234375,-0.13803271840920292,-0.13803271840920292,0.240234375,0.18449360673298384,0.19838256994377643,-6.106226635438361e-16,-6.106226635438361e-16,-2.220446049250313e-16,1.0,1,block_high_n,multimodal,numpy_ibc_linear_feature_ebm
2,support_penalized,2,27.403436490637652,-27.403436490637652,0.18197742569321207,0.4234654903411865,0.18197742569321207,0.2051631150559957,0.11250320786986112,0.29782302224213025,0.023185689362783618,0.08391825237443257,0.4462890625,-0.3622350533760103,-0.13803271840920292,0.37412357330322266,0.05124949215147953,0.3202833537936837,0.7464371200911156,0.7464371200911156,-0.17477092761755542,2.0,2,block_high_n,multimodal,numpy_ibc_linear_feature_ebm
2,support_penalized,4,6.048412120670037,-6.048412120670037,-0.13365109553370874,0.3645985020918374,-0.13365109553370874,-0.11496317311728668,-0.21420855145590947,-0.01571779477866389,0.01868792241642206,-0.40078487125953166,0.64453125,-0.1563710574953365,-0.13803271840920292,0.5294307800838851,0.01668429177937766,0.4618212767484127,1.411258005653356,1.411258005653356,-0.1578142606134604,4.0,4,block_high_n,multimodal,numpy_ibc_linear_feature_ebm
2,support_penalized,8,-1.2970129712833243,1.2970129712833243,-0.4162937571259493,0.2850801613382111,-0.4162937571259493,-0.5159050748344582,-0.6094140740767607,-0.42239607559215575,0.09961131770850895,-0.6087644524922996,0.71875,-0.012236781872281987,-0.13803271840920292,0.6473378201145581,0.006680906258883076,0.5740508992012113,1.8745519640471464,1.8745519640471464,-0.07066066539806014,8.0,8,block_high_n,multimodal,numpy_ibc_linear_feature_ebm
2,support_penalized,16,-4.1262395271632215,4.1262395271632215,-0.5633204342218865,0.2387784535470671,-0.5633204342218865,-0.5997535564608388,-0.6917927580031897,-0.5077143549184879,0.03643312223895234,-0.6783623260522169,0.75,0.07363005859732649,-0.13803271840920292,0.70194255186437,0.0035995346039577026,0.6309339441605085,2.119390401126501,2.119390401126501,-0.01837833463699215,16.0,16,block_high_n,multimodal,numpy_ibc_linear_feature_ebm
2,support_penalized,32,-5.439117172726399,5.439117172726399,-0.589185306702822,0.2323358388732524,-0.589185306702822,-0.6312851157437646,-0.7247179388916579,-0.5378522925958712,0.04209980904094257,-0.613453913711898,0.703125,0.16904761904761906,-0.13803271840920292,0.7064208442148004,0.0023125532774970403,0.6426068494737457,2.2017381853283924,2.2017381853283924,-0.0016165545300584686,32.0,32,block_high_n,multimodal,numpy_ibc_linear_feature_ebm
2,support_penalized,64,-6.175333016093439,6.175333016093439,-0.525387233121581,0.2548977503053353,-0.525387233121581,-0.5122183024405366,-0.6085943943816465,-0.4158422104994266,0.01316893068104441,-0.613453913711898,0.703125,0.16904761904761906,-0.13803271840920292,0.6718618015701535,0.0015717352781458142,0.6216091227123528,2.1722643259059335,2.1722643259059335,0.0019936897994137816,64.0,64,block_high_n,multimodal,numpy_ibc_linear_feature_ebm
2,support_penalized,128,-6.648261557300675,6.648261557300675,-0.3766857118164497,0.3080144770302661,-0.3766857118164497,-0.35901882162545123,-0.45984188454638,-0.2581957587045225,0.017666890190998485,-0.613453913711898,0.703125,0.16904761904761906,-0.13803271840920292,0.5999793341909024,0.0010729554142474896,0.5698223363212405,2.0447472980862056,2.0447472980862056,0.002323461270392676,128.0,128,block_high_n,multimodal,numpy_ibc_linear_feature_ebm
2,random,1,0.0,0.0,0.3567483533107677,0.41552734375,0.3567483533107677,0.2937630623314371,0.213807987326118,0.37371813733675624,0.06298529097933059,0.3567483533107677,0.240234375,0.0,0.0,0.240234375,0.18449360673298365,0.1983825699437765,-8.326672684688674e-16,-8.326672684688674e-16,0.0,1.0,1,collect_pilot_labels,multimodal,numpy_ibc_linear_feature_ebm
2,random,2,0.0,0.0,0.3567483533107677,0.41552734375,0.3567483533107677,0.3697605320049101,0.3114794080831014,0.42804165592671883,0.013012178694142396,0.3567483533107677,0.240234375,0.0,0.0,0.240234375,0.18449360673298365,0.1983825699437765,0.57166619247356,0.57166619247356,0.0,2.0,2,collect_pilot_labels,multimodal,numpy_ibc_linear_feature_ebm
2,random,4,0.0,0.0,0.3567483533107677,0.41552734375,0.3567483533107677,0.3422213262534917,0.30167227339841673,0.3827703791085667,0.014527027057275987,0.3567483533107677,0.240234375,0.0,0.0,0.240234375,0.18449360673298365,0.1983825699437765,0.9208585568088795,0.9208585568088795,0.0,4.0,4,collect_pilot_labels,multimodal,numpy_ibc_linear_feature_ebm
2,random,8,0.0,0.0,0.3567483533107677,0.41552734375,0.3567483533107677,0.3317829733765848,0.30319059737292137,0.36037534938024823,0.024965379934182907,0.3567483533107677,0.240234375,0.0,0.0,0.240234375,0.18449360673298365,0.1983825699437765,1.1015098536104295,1.1015098536104295,0.0,8.0,8,collect_pilot_labels,multimodal,numpy_ibc_linear_feature_ebm
2,random,16,0.0,0.0,0.3567483533107677,0.41552734375,0.3567483533107677,0.36649568821880907,0.34653849207812387,0.38645288435949426,0.00974733490804136,0.3567483533107677,0.240234375,0.0,0.0,0.240234375,0.18449360673298365,0.1983825699437765,1.1993216135938467,1.1993216135938467,0.0,16.0,16,collect_pilot_labels,multimodal,numpy_ibc_linear_feature_ebm
2,random,32,0.0,0.0,0.3567483533107677,0.41552734375,0.3567483533107677,0.3576373139971462,0.34317988932850396,0.37209473866578846,0.0008889606863785038,0.3567483533107677,0.240234375,0.0,0.0,0.240234375,0.18449360673298365,0.1983825699437765,1.2558045253148027,1.2558045253148027,0.0,32.0,32,collect_pilot_labels,multimodal,numpy_ibc_linear_feature_ebm
2,random,64,0.0,0.0,0.3567483533107677,0.41552734375,0.3567483533107677,0.35640161290088285,0.3464533710572255,0.3663498547445402,0.0003467404098848603,0.3567483533107677,0.240234375,0.0,0.0,0.240234375,0.18449360673298365,0.1983825699437765,1.2901287394735848,1.2901287394735848,0.0,64.0,64,collect_pilot_labels,multimodal,numpy_ibc_linear_feature_ebm
2,random,128,0.0,0.0,0.3567483533107677,0.41552734375,0.3567483533107677,0.3645895331566872,0.35748381559571085,0.3716952507176635,0.007841179845919477,0.3567483533107677,0.240234375,0.0,0.0,0.240234375,0.18449360673298365,0.1983825699437765,1.3113132329589878,1.3113132329589878,0.0,128.0,128,collect_pilot_labels,multimodal,numpy_ibc_linear_feature_ebm
2,oracle,1,-0.3567483533107669,0.3567483533107669,0.3567483533107669,0.41552734375,0.3567483533107669,0.2937630623314371,0.213807987326118,0.37371813733675624,0.06298529097932976,0.3567483533107677,0.240234375,1.0,1.0,0.240234375,0.1844936067329841,0.19838256994377687,0.0,0.0,-8.326672684688674e-16,1.0,1,stop_early,multimodal,numpy_ibc_linear_feature_ebm
2,oracle,2,-0.9284145457843277,0.9284145457843277,0.9284145457843277,0.6568658351898193,0.9284145457843277,0.9150732829653001,0.8600184695963682,0.970128096334232,0.013341262819027588,1.192936850336181,0.009765625,1.0,1.0,0.06467962265014648,0.1684418315352349,0.04443592061133252,0.0,0.0,0.5716661924735609,2.0,2,stop_early,multimodal,numpy_ibc_linear_feature_ebm
2,oracle,4,-1.2776069101196472,1.2776069101196472,1.2776069101196472,0.8784802248330266,1.2776069101196472,1.2643612635688732,1.2350199693902386,1.2937025577475079,0.013245646550773982,1.4344980187751046,0.0078125,1.0,1.0,0.012915905864815613,0.13675405404235055,0.004315461788144398,0.0,0.0,0.17459618216765976,4.0,4,stop_early,multimodal,numpy_ibc_linear_feature_ebm
2,oracle,8,-1.4582582069211971,1.4582582069211971,1.4582582069211971,0.9787720586909147,1.4582582069211971,1.446476569975115,1.4317646193215727,1.4611885206286572,0.011781636946082141,1.5460173911528896,0.01171875,1.0,1.0,0.008554229583597585,0.11620904404581431,0.0017910187900733474,0.0,0.0,0.045162824200387475,8.0,8,stop_early,multimodal,numpy_ibc_linear_feature_ebm
2,oracle,16,-1.5560699669046143,1.5560699669046143,1.5560699669046143,0.9930333480502256,1.5560699669046143,1.5515871455638168,1.5432231559834027,1.559951135144231,0.0044828213407974715,1.6063490057959293,0.0078125,1.0,1.0,0.006802446583312423,0.09673531324459932,0.0015361005243151307,0.0,0.0,0.012226469997927147,16.0,16,stop_early,multimodal,numpy_ibc_linear_feature_ebm
2,oracle,32,-1.6125528786255705,1.6125528786255705,1.6125528786255705,0.9965683872599294,1.6125528786255705,1.6148631281742722,1.610429770765636,1.6192964855829084,0.002310249548701737,1.6433406326104978,0.0,1.0,1.0,0.003431585254583272,0.07573286150356746,0.0011127594698113132,0.0,0.0,0.003530181982559763,32.0,32,stop_early,multimodal,numpy_ibc_linear_feature_ebm
2,oracle,64,-1.6468770927843523,1.6468770927843523,1.6468770927843523,0.9992910052695898,1.6468770927843523,1.647223005614804,1.644232452984416,1.6502135582451922,0.0003459128304517112,1.6433406326104978,0.0,1.0,1.0,0.0007089947304094517,0.05311448025502182,0.0007308205288623835,0.0,0.0,0.0010726316924619325,64.0,64,stop_early,multimodal,numpy_ibc_linear_feature_ebm
2,oracle,128,-1.6680615862697556,1.6680615862697556,1.6680615862697556,0.9999750698522073,1.6680615862697556,1.6680189282348525,1.6661300506782535,1.6699078057914516,4.2658034903109154e-05,1.6433406326104978,0.0,1.0,1.0,2.4930147792764287e-05,0.03502460613860497,0.0004264419111655952,0.0,0.0,0.00033100771070942656,128.0,128,stop_early,multimodal,numpy_ibc_linear_feature_ebm
