seed,model,N,selected_energy,selected_score,selected_real_utility,success_rate,exact_expected_utility,mc_mean_utility,mc_ci_low,mc_ci_high,exact_law_abs_error,low_energy_tail_real_utility,low_energy_tail_invalid_rate,tail_rank_correlation,energy_utility_rank_correlation,invalid_action_rate,jerk_smoothness_penalty,contact_feasibility_penalty,oracle_minus_energy_gap,high_n_regret,marginal_utility_per_added_candidate,compute_latency_proxy,energy_evaluations,deployment_gate,task
0,raw_ebm,1,-1.7569014200697,1.7569014200697,0.66256701607249,0.59765625,0.66256701607249,0.6917368263343284,0.594656026581998,0.7888176260866588,0.029169810261838403,0.6625670160724902,0.27001953125,-0.39929024569532173,-0.39929024569532173,0.27001953125,0.21709303870275812,0.27298342773577056,-3.3306690738754696e-16,-3.3306690738754696e-16,-2.220446049250313e-16,1.0,1,collect_pilot_labels,contact_push
0,raw_ebm,2,-2.195104738534833,2.195104738534833,0.25528472670033786,0.48779964447021484,0.25528472670033786,0.18449146340658165,0.07607342272360851,0.2929095040895548,0.07079326329375621,0.12257851344572782,0.51171875,-0.8098931697482298,-0.39929024569532173,0.4513132572174072,0.0876938355649912,0.4688323519440123,1.0881550382747296,1.0881550382747296,-0.40728228937215216,2.0,2,collect_pilot_labels,contact_push
0,raw_ebm,4,-2.5694171585353502,2.5694171585353502,-0.4181882158719085,0.27831153401871234,-0.4181882158719085,-0.4265709763773926,-0.5287887429578694,-0.32435320979691584,0.008382760505484088,-1.2488336101628743,0.984375,-0.3750757279900665,-0.39929024569532173,0.69068865617038,0.030305137899870445,0.7269591675383443,2.139934515185181,2.139934515185181,-0.33673647128612316,4.0,4,collect_pilot_labels,contact_push
0,raw_ebm,8,-2.8444829755736176,2.8444829755736176,-1.0442143039827028,0.0869297175749427,-1.0442143039827028,-0.9777565714110609,-1.0529733365704752,-0.9025398062516465,0.06645773257164189,-1.3626010253088976,1.0,0.011957827878233004,-0.39929024569532173,0.9014628646210644,0.009443522498191274,0.9633646512485545,2.927979012927442,2.927979012927442,-0.15650652202769855,8.0,8,collect_pilot_labels,contact_push
0,raw_ebm,16,-2.9855182389789494,2.9855182389789494,-1.3208163887554027,0.008463959944720819,-1.3208163887554027,-1.3176073230257341,-1.3452019890250748,-1.2900126570263935,0.0032090657296686143,-1.349970603579205,1.0,-0.007181605932979308,-0.39929024569532173,0.9898849651737642,0.0049956276508856,1.0759892343415474,3.2903979044685285,3.2903979044685285,-0.0345752605965875,16.0,16,collect_pilot_labels,contact_push
0,raw_ebm,32,-3.0407213323978346,3.0407213323978346,-1.3553302833635026,8.294648369075222e-05,-1.3553302833635026,-1.3476568437057337,-1.3643421045527466,-1.3309715828587207,0.007673439657768899,-1.3650396879142528,1.0,0.03905677655677656,-0.39929024569532173,0.9998876366572936,0.0037115007201742496,1.0948069400580287,3.3793800142440746,3.3793800142440746,-0.00215711841300624,32.0,32,collect_pilot_labels,contact_push
0,raw_ebm,64,-3.069328479817888,3.069328479817888,-1.3517744497371664,8.52561768145479e-09,-1.3517744497371664,-1.3433290307968637,-1.3581750063718825,-1.328483055221845,0.008445418940302707,-1.3650396879142528,1.0,0.03905677655677656,-0.39929024569532173,0.9999999827951388,0.0028134106423466205,1.0948999819588834,3.412221969678173,3.412221969678173,0.00011111980082300493,64.0,64,collect_pilot_labels,contact_push
0,raw_ebm,128,-3.0884753770548246,3.0884753770548246,-1.3403716858934749,1.005122466366592e-16,-1.3403716858934749,-1.346810769356773,-1.360251793883839,-1.333369744829707,0.006439083463298134,-1.3650396879142528,1.0,0.03905677655677656,-0.39929024569532173,0.9999999999999992,0.002136039128697603,1.0897333460584577,3.4259705950534904,3.4259705950534904,0.00017816818505768037,128.0,128,collect_pilot_labels,contact_push
0,calibrated,1,-0.6890667641796041,0.6890667641796041,0.6625670160724892,0.59765625,0.6625670160724892,0.6917368263343284,0.594656026581998,0.7888176260866588,0.02916981026183918,0.6625670160724902,0.27001953125,0.9720333850388849,0.9720333850388849,0.27001953125,0.21709303870275817,0.27298342773576995,4.440892098500626e-16,4.440892098500626e-16,-9.992007221626409e-16,1.0,1,stop_early,contact_push
0,calibrated,2,-1.3436528753176225,1.3436528753176225,1.3332570041354683,0.8349342346191406,1.3332570041354683,1.250751244454561,1.184348124816182,1.31715436409294,0.08250575968090734,1.6467116324700664,0.0,0.862448758583077,0.9720333850388849,0.07503294944763184,0.20789143932468285,0.06970999966729864,0.010182760839599014,0.010182760839599014,0.6706899880629791,2.0,2,stop_early,contact_push
0,calibrated,4,-1.6629381351015688,1.6629381351015688,1.7000353985120695,0.9706012285191719,1.7000353985120695,1.7262931674321988,1.7015349755992135,1.7510513592651842,0.02625776892012932,1.8322717970642288,0.0,0.7225650992492647,0.9720333850388849,0.006334341691115242,0.17434837918116874,0.006982668947121068,0.02171090080120308,0.02171090080120308,0.1833891971883006,4.0,4,stop_early,contact_push
0,calibrated,8,-1.7789523595530208,1.7789523595530208,1.8539430490969444,0.9988521023799838,1.8539430490969444,1.8557903939561962,1.8418311396225473,1.869749648289845,0.0018473448592517538,1.9251401116696996,0.0,0.5174553673609522,0.9720333850388849,6.512148570258444e-05,0.16312481190248812,0.0008449034785505339,0.029821659847794724,0.029821659847794724,0.03847691264621872,8.0,8,stop_early,contact_push
0,calibrated,16,-1.844250952886868,1.844250952886868,1.9310665892160563,0.9999966297647263,1.9310665892160563,1.925136962665925,1.915229203919506,1.9350447214123438,0.005929626550131406,1.9744709962556053,0.0,0.23214040468778613,0.9720333850388849,1.945880728109076e-08,0.15905409788850658,0.00034115836350272124,0.038514926497069446,0.038514926497069446,0.009640442514888992,16.0,16,stop_early,contact_push
0,calibrated,32,-1.8914847224076592,1.8914847224076592,1.9731978778084929,0.9999999998953364,1.9731978778084929,1.9732283759159155,1.9652379337191517,1.9812188181126793,3.0498107422616272e-05,1.9890548069684013,0.0,0.22628205128205128,0.9720333850388849,6.594030352563588e-15,0.15808459644147876,0.0001549935278511791,0.0508518530720794,0.0508518530720794,0.0026332055370272833,32.0,32,stop_early,contact_push
0,calibrated,64,-1.9268186348073295,1.9268186348073295,1.994460621895839,1.0,1.994460621895839,1.9885996388897746,1.9811370266781776,1.9960622511013717,0.005860983006064302,1.9890548069684013,0.0,0.22628205128205128,0.9720333850388849,1.390531637707235e-27,0.16875881908504584,0.00011352696465039462,0.06598689804516766,0.06598689804516766,0.0006644607527295648,64.0,64,stop_early,contact_push
0,calibrated,128,-1.9550558337279962,1.9550558337279962,2.008971740191298,1.0,2.008971740191298,2.0037208002877853,1.9972168548845854,2.0102247456909854,0.005250939903512553,1.9890548069684013,0.0,0.22628205128205128,0.9720333850388849,4.668912029637797e-53,0.19081578488888828,0.00010130790953150194,0.07662716896871791,0.07662716896871791,0.0002267362233665457,128.0,128,stop_early,contact_push
0,value_shaped,1,-1.02172019237083,1.02172019237083,0.6625670160724906,0.59765625,0.6625670160724906,0.6917368263343284,0.594656026581998,0.7888176260866588,0.029169810261837847,0.6625670160724902,0.27001953125,0.5428806533826955,0.5428806533826955,0.27001953125,0.2170930387027582,0.27298342773577017,-8.881784197001252e-16,-8.881784197001252e-16,3.3306690738754696e-16,1.0,1,stop_early,contact_push
0,value_shaped,2,-1.370544662198583,1.370544662198583,0.997527552029307,0.7316551208496094,0.997527552029307,0.8538062330882569,0.7607666450138418,0.9468458211626719,0.1437213189410501,1.2311710155413427,0.134765625,0.4197835678778342,0.5428806533826955,0.20218968391418457,0.09484483551350284,0.2040720675303486,0.34591221294576036,0.34591221294576036,0.3349605359568164,2.0,2,stop_early,contact_push
0,value_shaped,4,-1.6098716541261848,1.6098716541261848,1.3656535745491778,0.8589283098594933,1.3656535745491778,1.3837404957302337,1.3196371690273099,1.4478438224331576,0.018086921181055926,1.610944511186689,0.0078125,0.1743439828166306,0.5428806533826955,0.09101635638131711,0.06268878560327304,0.09422756028623226,0.3560927247640948,0.3560927247640948,0.1840630112599354,4.0,4,stop_early,contact_push
0,value_shaped,8,-1.794737599389657,1.794737599389657,1.597994792795561,0.9419018293872495,1.597994792795561,1.6286213324935412,1.594254903529849,1.6629877614572335,0.03062653969798035,1.6942762775488431,0.0,0.0097304875257496,0.5428806533826955,0.020337347142272977,0.0416063171066974,0.02975353421100726,0.28576991614917824,0.28576991614917824,0.058085304561595774,8.0,8,stop_early,contact_push
0,value_shaped,16,-1.9304964809949592,1.9304964809949592,1.6815562351942683,0.9731517075063921,1.6815562351942683,1.680272221205277,1.655087108356158,1.705457334054396,0.0012840139889913615,1.7077005387047128,0.0,-0.04333569859000183,0.5428806533826955,0.0015928677184853142,0.02719322022507199,0.013317772196092259,0.28802528051885745,0.28802528051885745,0.01044518029983843,16.0,16,stop_early,contact_push
0,value_shaped,32,-2.0302800146077327,2.0302800146077327,1.7028397841034175,0.982170434173018,1.7028397841034175,1.7050931966210146,1.6832117700710103,1.7269746231710188,0.002253412517597031,1.6799833295163544,0.0,0.06135531135531135,0.5428806533826955,2.4494462490108476e-05,0.019738350029278675,0.012288945236221593,0.32120994677715475,0.32120994677715475,0.0013302218068218241,32.0,32,stop_early,contact_push
0,value_shaped,64,-2.1089521331227346,2.1089521331227346,1.7137711095241837,0.9875091027095624,1.7137711095241837,1.7112125603949768,1.6908622417534773,1.7315628790364763,0.002558549129206833,1.6799833295163544,0.0,0.06135531135531135,0.5428806533826955,1.3286254104462862e-08,0.01542038451032206,0.012014546979563953,0.34667641041682296,0.34667641041682296,0.00034160391939894175,64.0,64,stop_early,contact_push
0,value_shaped,128,-2.1719333495764563,2.1719333495764563,1.738306315461819,0.995295254243944,1.738306315461819,1.7446244852678292,1.7290369556772285,1.76021201485843,0.006318169806010188,1.6799833295163544,0.0,0.06135531135531135,0.5428806533826955,4.715920923323058e-15,0.011479279790789094,0.008917066283256659,0.34729259369819676,0.34729259369819676,0.00038336259277555254,128.0,128,stop_early,contact_push
0,support_penalized,1,-0.969831351497069,0.969831351497069,0.66256701607249,0.59765625,0.66256701607249,0.6917368263343284,0.594656026581998,0.7888176260866588,0.029169810261838403,0.6625670160724902,0.27001953125,0.18010743205202986,0.18010743205202986,0.27001953125,0.2170930387027583,0.2729834277357699,-3.3306690738754696e-16,-3.3306690738754696e-16,-2.220446049250313e-16,1.0,1,stop_early,contact_push
0,support_penalized,2,-1.3510527656527287,1.3510527656527287,0.6716018761678192,0.631195068359375,0.6716018761678192,0.5643881573734643,0.4576798479862879,0.6710964667606406,0.10721371879435493,0.4605591198759824,0.4072265625,0.4391008556254917,0.18010743205202986,0.3210155963897705,0.101455770709694,0.337662891818948,0.6718378888072482,0.6718378888072482,0.009034860095329167,2.0,2,stop_early,contact_push
0,support_penalized,4,-1.5603860844216142,1.5603860844216142,0.8414296984941882,0.6884887468484067,0.8414296984941882,0.9169553284020256,0.8153239818258292,1.018586674978222,0.0755256299078374,1.032573865116833,0.232421875,0.5259464478834072,0.18010743205202986,0.2854519812290732,0.059744888655643404,0.30750872073989305,0.8803166008190844,0.8803166008190844,0.08491391116318453,4.0,4,stop_early,contact_push
0,support_penalized,8,-1.708598356947766,1.708598356947766,1.248534024103877,0.8188848399579541,1.248534024103877,1.2060200536994465,1.1161545668591388,1.2958855405397542,0.04251397040443039,1.7125945031802876,0.01171875,0.021752689402609292,0.18010743205202986,0.15971874407791184,0.04632610236118323,0.1817022481577195,0.6352306848408622,0.6352306848408622,0.10177608140242217,8.0,8,stop_early,contact_push
0,support_penalized,16,-1.8380793853486483,1.8380793853486483,1.6031840929971848,0.9369006070254452,1.6031840929971848,1.5675602157868085,1.5110260679458292,1.6240943636277878,0.0356238772103763,1.7267956674885356,0.0078125,-0.07252563633034242,0.18010743205202986,0.04587618526223183,0.038817991686248055,0.07197883834176352,0.366397422715941,0.366397422715941,0.04433125861166348,16.0,16,stop_early,contact_push
0,support_penalized,32,-1.9522268593759255,1.9522268593759255,1.7177566256479146,0.9817526682078466,1.7177566256479146,1.7049023440178868,1.6766089720669417,1.7331957159688318,0.012854281630027886,1.7247934516625478,0.0,0.005173992673992674,0.18010743205202986,0.007728975457001391,0.030162815691687182,0.04279267527983998,0.3062931052326576,0.3062931052326576,0.0071607832906706165,32.0,32,stop_early,contact_push
0,support_penalized,64,-2.049914312985598,2.049914312985598,1.7310739778999866,0.9942810828852019,1.7310739778999866,1.74792703470811,1.728284821362043,1.767569248054177,0.016853056808123323,1.7247934516625478,0.0,0.005173992673992674,0.18010743205202986,0.0022198496739497067,0.023436900907685247,0.04577494783617879,0.32937354204102,0.32937354204102,0.00041616725787724934,64.0,64,stop_early,contact_push
0,support_penalized,128,-2.1329622505040073,2.1329622505040073,1.7326979608769015,0.9993583792115601,1.7326979608769015,1.7255758911042673,1.7074136334171355,1.7437381487913992,0.0071220697726341875,1.7247934516625478,0.0,0.005173992673992674,0.18010743205202986,0.00027817688231970643,0.017619362419254082,0.052522483409369845,0.35290094828311425,0.35290094828311425,2.5374734014295408e-05,128.0,128,stop_early,contact_push
0,random,1,0.0,0.0,0.6625670160724902,0.59765625,0.6625670160724902,0.6917368263343284,0.594656026581998,0.7888176260866588,0.02916981026183818,0.6625670160724902,0.27001953125,0.0,0.0,0.27001953125,0.21709303870275845,0.2729834277357706,-5.551115123125783e-16,-5.551115123125783e-16,0.0,1.0,1,collect_pilot_labels,contact_push
0,random,2,0.0,0.0,0.6625670160724902,0.59765625,0.6625670160724902,0.5959022771238455,0.5258584672810886,0.6659460869666023,0.06666473894864478,0.6625670160724902,0.27001953125,0.0,0.0,0.27001953125,0.21709303870275845,0.2729834277357706,0.6808727489025771,0.6808727489025771,0.0,2.0,2,collect_pilot_labels,contact_push
0,random,4,0.0,0.0,0.6625670160724902,0.59765625,0.6625670160724902,0.6712285029255309,0.6238958854832848,0.7185611203677771,0.00866148685304069,0.6625670160724902,0.27001953125,0.0,0.0,0.27001953125,0.21709303870275845,0.2729834277357706,1.0591792832407823,1.0591792832407823,0.0,4.0,4,collect_pilot_labels,contact_push
0,random,8,0.0,0.0,0.6625670160724902,0.59765625,0.6625670160724902,0.6933931031771359,0.6605630100015399,0.7262231963527318,0.030826087104645628,0.6625670160724902,0.27001953125,0.0,0.0,0.27001953125,0.21709303870275845,0.2729834277357706,1.221197692872249,1.221197692872249,0.0,8.0,8,collect_pilot_labels,contact_push
0,random,16,0.0,0.0,0.6625670160724902,0.59765625,0.6625670160724902,0.6685046422657284,0.6446246896995326,0.6923845948319242,0.005937626193238121,0.6625670160724902,0.27001953125,0.0,0.0,0.27001953125,0.21709303870275845,0.2729834277357706,1.3070144996406357,1.3070144996406357,0.0,16.0,16,collect_pilot_labels,contact_push
0,random,32,0.0,0.0,0.6625670160724902,0.59765625,0.6625670160724902,0.6684321966403559,0.6518009270055903,0.6850634662751215,0.005865180567865669,0.6625670160724902,0.27001953125,0.0,0.0,0.27001953125,0.21709303870275845,0.2729834277357706,1.3614827148080821,1.3614827148080821,0.0,32.0,32,collect_pilot_labels,contact_push
0,random,64,0.0,0.0,0.6625670160724902,0.59765625,0.6625670160724902,0.6624794674893928,0.6507634580424616,0.674195476936324,8.754858309745206e-05,0.6625670160724902,0.27001953125,0.0,0.0,0.27001953125,0.21709303870275845,0.2729834277357706,1.3978805038685165,1.3978805038685165,0.0,64.0,64,collect_pilot_labels,contact_push
0,random,128,0.0,0.0,0.6625670160724902,0.59765625,0.6625670160724902,0.6613409046400929,0.652916208646424,0.6697656006337618,0.0012261114323973699,0.6625670160724902,0.27001953125,0.0,0.0,0.27001953125,0.21709303870275845,0.2729834277357706,1.4230318930875256,1.4230318930875256,0.0,128.0,128,collect_pilot_labels,contact_push
0,oracle,1,-0.6625670160724897,0.6625670160724897,0.6625670160724897,0.59765625,0.6625670160724897,0.6917368263343284,0.594656026581998,0.7888176260866588,0.029169810261838736,0.6625670160724902,0.27001953125,1.0,1.0,0.27001953125,0.2170930387027583,0.27298342773576995,0.0,0.0,-5.551115123125783e-16,1.0,1,stop_early,contact_push
0,oracle,2,-1.3434397649750673,1.3434397649750673,1.3434397649750673,0.838007926940918,1.3434397649750673,1.2594323897673239,1.1930347451195242,1.3258300344151235,0.08400737520774348,1.6676384981006755,0.0,1.0,1.0,0.0748131275177002,0.20299576055916257,0.0696710870771745,0.0,0.0,0.6808727489025777,2.0,2,stop_early,contact_push
0,oracle,4,-1.7217462993132726,1.7217462993132726,1.7217462993132726,0.9736732597991704,1.7217462993132726,1.744452030563769,1.72091518052178,1.767988880605758,0.022705731250496353,1.8590523925851958,0.0,1.0,1.0,0.006464742108903465,0.1561436925105121,0.007246917431493218,0.0,0.0,0.18915326716910263,4.0,4,stop_early,contact_push
0,oracle,8,-1.8837647089447391,1.8837647089447391,1.8837647089447391,0.999294243305615,1.8837647089447391,1.8899630451686293,1.8782751970555325,1.9016508932817262,0.006198336223890211,1.9563055877804056,0.0,1.0,1.0,0.00010103764223205111,0.12766672679263802,0.0007664723431146679,0.0,0.0,0.04050460240786663,8.0,8,stop_early,contact_push
0,oracle,16,-1.9695815157131258,1.9695815157131258,1.9695815157131258,0.9999994279522325,1.9695815157131258,1.9670400726028565,1.9594194098459554,1.9746607353597576,0.0025414431102692703,2.016049042135317,0.0,1.0,1.0,1.5599422673887143e-07,0.10726750140145842,0.00020550085118882906,0.0,0.0,0.010727100846048332,16.0,16,stop_early,contact_push
0,oracle,32,-2.0240497308805723,2.0240497308805723,2.0240497308805723,0.9999999999988991,2.0240497308805723,2.0280741881020172,2.0230988420286766,2.033049534175358,0.004024457221444955,2.0547341826218517,0.0,1.0,1.0,9.166108678590762e-13,0.08832862006117091,0.00013888850906613743,0.0,0.0,0.0034042634479654055,32.0,32,stop_early,contact_push
0,oracle,64,-2.0604475199410066,2.0604475199410066,2.0604475199410066,1.0,2.0604475199410066,2.059924153686598,2.0564455893771187,2.0634027179960777,0.0005233662544084083,2.0547341826218517,0.0,1.0,1.0,3.608647051407939e-23,0.07306984891770507,0.00012803519561793743,0.0,0.0,0.001137430908138573,64.0,64,stop_early,contact_push
0,oracle,128,-2.085598909160016,2.085598909160016,2.085598909160016,1.0,2.085598909160016,2.0870388488798475,2.084784172822022,2.089293524937673,0.0014399397198316954,2.0547341826218517,0.0,1.0,1.0,3.743353073388826e-44,0.06088746181647859,0.00011950599954015872,0.0,0.0,0.00039299045654701825,128.0,128,stop_early,contact_push
1,raw_ebm,1,-1.7135540927803397,1.7135540927803397,0.6832293443783687,0.59521484375,0.6832293443783687,0.6425138828506696,0.5451807079052694,0.7398470577960697,0.040715461527699115,0.6832293443783699,0.2529296875,-0.34002590835712154,-0.34002590835712154,0.2529296875,0.24912070092654678,0.25317501381489615,4.440892098500626e-16,4.440892098500626e-16,-1.2212453270876722e-15,1.0,1,collect_pilot_labels,contact_push
1,raw_ebm,2,-2.156829331653957,2.156829331653957,0.32215577629080405,0.5074222087860107,0.32215577629080405,0.3686199087970171,0.2611342055020187,0.4761056120920155,0.04646413250621306,0.2132330884849005,0.482421875,-0.7959186351119376,-0.34002590835712154,0.4288496971130371,0.0956512628970167,0.4395622456632217,1.0292266337550118,1.0292266337550118,-0.36107356808756463,2.0,2,collect_pilot_labels,contact_push
1,raw_ebm,4,-2.538214516596771,2.538214516596771,-0.3339250467762574,0.3041217280583055,-0.3339250467762574,-0.30044524735337863,-0.4081238619122911,-0.19276663279446615,0.033479799422878764,-1.0943261657669607,0.935546875,-0.5623303943362974,-0.34002590835712154,0.6667067356812595,0.0318399039969197,0.6941751193473091,2.056869407844363,2.056869407844363,-0.3280404115335307,4.0,4,collect_pilot_labels,contact_push
1,raw_ebm,8,-2.82458801610365,2.82458801610365,-0.9931803667481167,0.10341249815242867,-0.9931803667481167,-0.9651740322647916,-1.0419956670944386,-0.8883523974351446,0.028006334483325124,-1.375404537465481,1.0,-0.11858119707026779,-0.34002590835712154,0.8861308315114675,0.009484192832294687,0.9440213677993473,2.8803699093126136,2.8803699093126136,-0.16481382999296484,8.0,8,collect_pilot_labels,contact_push
1,raw_ebm,16,-2.9777541017804845,2.9777541017804845,-1.3292274352597224,0.011944037893193449,-1.3292274352597224,-1.3413791293844832,-1.37357733234494,-1.3091809264240264,0.012151694124760803,-1.4200314445401718,1.0,0.10851950192272478,-0.34002590835712154,0.9864467743555447,0.0046056887834323955,1.0819585641432177,3.306424485944717,3.306424485944717,-0.04200588356395071,16.0,16,collect_pilot_labels,contact_push
1,raw_ebm,32,-3.0368225248418717,3.0368225248418717,-1.392888215444777,0.0001651322843891588,-1.392888215444777,-1.4087746735588786,-1.4258470002895942,-1.391702346828163,0.01588645811410161,-1.3940065836841855,1.0,0.15494505494505495,-0.34002590835712154,0.9997953683829313,0.0031290245671482635,1.1151469759283568,3.4271529294647216,3.4271529294647216,-0.003978798761565913,32.0,32,collect_pilot_labels,contact_push
1,raw_ebm,64,-3.0643361940576788,3.0643361940576788,-1.3843719076685537,3.42301246311644e-08,-1.3843719076685537,-1.3868679353729567,-1.4019379856157919,-1.3717978851301216,0.0024960277044030477,-1.3940065836841855,1.0,0.15494505494505495,-0.34002590835712154,0.9999999401578602,0.0021914604296183185,1.1125025855025363,3.4539495966638,3.4539495966638,0.00026613461800698013,64.0,64,collect_pilot_labels,contact_push
1,raw_ebm,128,-3.08187138046274,3.08187138046274,-1.3537739331844894,1.6674138170885153e-15,-1.3537739331844894,-1.3597419275650768,-1.3746178410267829,-1.3448660141033708,0.0059679943805874824,-1.3940065836841855,1.0,0.15494505494505495,-0.34002590835712154,0.9999999999999869,0.0015952074195810584,1.0969739377871504,3.444167151362053,3.444167151362053,0.00047809335131350494,128.0,128,collect_pilot_labels,contact_push
1,calibrated,1,-0.6909243785850302,0.6909243785850302,0.6832293443783684,0.59521484375,0.6832293443783684,0.6425138828506696,0.5451807079052694,0.7398470577960697,0.04071546152769878,0.6832293443783699,0.2529296875,0.969677049887669,0.969677049887669,0.2529296875,0.24912070092654734,0.2531750138148967,7.771561172376096e-16,7.771561172376096e-16,-1.5543122344752192e-15,1.0,1,stop_early,contact_push
1,calibrated,2,-1.3253301619113285,1.3253301619113285,1.3402572472364427,0.8324220180511475,1.3402572472364427,1.3806780277349051,1.3226921540122853,1.4386639014575249,0.04042078049846243,1.645568077808608,0.0,0.8512714688684644,0.969677049887669,0.06703042984008789,0.2278789036529643,0.061143971923001875,0.011125162809373146,0.011125162809373146,0.6570279028580743,2.0,2,stop_early,contact_push
1,calibrated,4,-1.6365460835418426,1.6365460835418426,1.6997601800941144,0.9694039850823515,1.6997601800941144,1.729534894647643,1.7066252563837279,1.752444532911558,0.029774714553528536,1.835434064111043,0.0,0.6946341667524977,0.969677049887669,0.005448614493957393,0.1799747363620428,0.005990733731681886,0.023184180973990998,0.023184180973990998,0.17975146642883588,4.0,4,stop_early,contact_push
1,calibrated,8,-1.755079361894118,1.755079361894118,1.854947827429983,0.9987427232621002,1.854947827429983,1.8697206395839716,1.8557816240776395,1.8836596550903038,0.014772812153988513,1.927193039020236,0.0,0.4624885557335775,0.969677049887669,6.497198653955068e-05,0.16070067480796696,0.0008719400361518058,0.03224171513451357,0.03224171513451357,0.03879691183396716,8.0,8,stop_early,contact_push
1,calibrated,16,-1.8206992949803789,1.8206992949803789,1.9338643857067408,0.9999965269170651,1.9338643857067408,1.9272994945294486,1.9171165405991941,1.937482448459703,0.006564891177292198,1.9717632301011385,0.0,0.30341283647683576,0.969677049887669,3.082927285679539e-08,0.15344951404520552,0.0005198824456625308,0.04333266497825372,0.04333266497825372,0.009864569784594712,16.0,16,stop_early,contact_push
1,calibrated,32,-1.8643499300515334,1.8643499300515334,1.9779781368024425,0.9999999999522052,1.9779781368024425,1.9836752130601416,1.975844628238174,1.9915057978821091,0.005697076257699107,1.996319711744967,0.0,0.37564102564102564,0.969677049887669,2.214994825506709e-14,0.15378186618474987,0.00040204051592313613,0.0562865772175023,0.0562865772175023,0.0027571094434813564,32.0,32,stop_early,contact_push
1,calibrated,64,-1.8949238819472929,1.8949238819472929,2.005158419915352,1.0,2.005158419915352,2.0050981469587597,1.9979127001059818,2.0122835938115373,6.027295659238874e-05,1.996319711744967,0.0,0.37564102564102564,0.969677049887669,2.101081064180266e-26,0.16593565818396716,0.0002621372777717679,0.06441926907989437,0.06441926907989437,0.0008493838472784232,64.0,64,stop_early,contact_push
1,calibrated,128,-1.9177028549127515,1.9177028549127515,2.0214746572882447,1.0,2.0214746572882447,2.0229634740395714,2.0168064864547404,2.0291204616244025,0.001488816751326727,1.996319711744967,0.0,0.37564102564102564,0.969677049887669,1.1641387147230497e-50,0.1881531459848711,0.00015212121988983585,0.06891856088931858,0.06891856088931858,0.000254941208951448,128.0,128,stop_early,contact_push
1,value_shaped,1,-0.9901336598294992,0.9901336598294992,0.6832293443783681,0.59521484375,0.6832293443783681,0.6425138828506696,0.5451807079052694,0.7398470577960697,0.04071546152769856,0.6832293443783699,0.2529296875,0.5336636115032104,0.5336636115032104,0.2529296875,0.24912070092654695,0.25317501381489615,9.992007221626409e-16,9.992007221626409e-16,-1.7763568394002505e-15,1.0,1,block_high_n,contact_push
1,value_shaped,2,-1.3615089375887481,1.3615089375887481,0.997774163875029,0.7313930988311768,0.997774163875029,1.0728774353205812,0.9883040310439895,1.157450839597173,0.07510327144555218,1.184209638066066,0.1611328125,0.475228166797797,0.5336636115032104,0.20420217514038086,0.09878661179669407,0.20036044434869188,0.3536082461707868,0.3536082461707868,0.3145448194966609,2.0,2,block_high_n,contact_push
1,value_shaped,4,-1.6123489767515344,1.6123489767515344,1.3614899639285223,0.8611483385394081,1.3614899639285223,1.3998488699125202,1.3362306416055436,1.4634670982194968,0.03835890598399794,1.6271082909733172,0.009765625,0.21895098762888957,0.5336636115032104,0.10075927097966542,0.06360763252774916,0.09587646743862924,0.36145439713958316,0.36145439713958316,0.18185790002674662,4.0,4,block_high_n,contact_push
1,value_shaped,8,-1.8075278374419934,1.8075278374419934,1.6108765476378824,0.9519495697345772,1.6108765476378824,1.6537411387572565,1.6183846451004245,1.6890976324140885,0.04286459111937413,1.711111437457976,0.0,-0.014356832227054245,0.5336636115032104,0.0250554963463163,0.04207302864393984,0.027398204577597316,0.2763129949266143,0.2763129949266143,0.062346645927340016,8.0,8,block_high_n,contact_push
1,value_shaped,16,-1.9547279107374194,1.9547279107374194,1.7020737386480687,0.9853598638683135,1.7020737386480687,1.6897109434259345,1.6654513742402735,1.7139705126115956,0.012362795222134126,1.7247249066531598,0.0,-0.07590184947811757,0.5336636115032104,0.0021999718364464067,0.025838285722680147,0.008968741545760286,0.27512331203692586,0.27512331203692586,0.011399648876273288,16.0,16,block_high_n,contact_push
1,value_shaped,32,-2.0636568807114006,2.0636568807114006,1.7202011023911872,0.9927262521067202,1.7202011023911872,1.7388289523073697,1.7189654406223136,1.7586924639924257,0.018627849916182493,1.7175958517592997,0.0,-0.06565934065934066,0.5336636115032104,3.444750513880293e-05,0.016528448657438567,0.007235801658141575,0.3140636116287576,0.3140636116287576,0.0011329602339449074,32.0,32,block_high_n,contact_push
1,value_shaped,64,-2.14381562795815,2.14381562795815,1.7222082986971292,0.9959039983953407,1.7222082986971292,1.7238352562967771,1.7046970004866193,1.742973512106935,0.0016269575996479269,1.7175958517592997,0.0,-0.06565934065934066,0.5336636115032104,1.644259239181441e-08,0.011777107739113656,0.006968642941073281,0.3473693902981172,0.3473693902981172,6.27248845606887e-05,64.0,64,block_high_n,contact_push
1,value_shaped,128,-2.2011763666996638,2.2011763666996638,1.7311282593061135,0.9989926978925691,1.7311282593061135,1.7363221259575081,1.7212704144481534,1.7513738374668628,0.005193866651394652,1.7175958517592997,0.0,-0.06565934065934066,0.5336636115032104,4.800053750532724e-15,0.009116751513861569,0.0069131572952486195,0.3592649588714498,0.3592649588714498,0.000139374384515379,128.0,128,block_high_n,contact_push
1,support_penalized,1,-0.9221156073186747,0.9221156073186747,0.6832293443783681,0.59521484375,0.6832293443783681,0.6425138828506696,0.5451807079052694,0.7398470577960697,0.04071546152769856,0.6832293443783699,0.2529296875,0.2177664923930746,0.2177664923930746,0.2529296875,0.24912070092654665,0.2531750138148962,9.992007221626409e-16,9.992007221626409e-16,-1.7763568394002505e-15,1.0,1,stop_early,contact_push
1,support_penalized,2,-1.331117158390372,1.331117158390372,0.713994893640017,0.6429092884063721,0.713994893640017,0.8242145721966329,0.7237019624380913,0.9247271819551744,0.11021967855661585,0.5297610967849268,0.3876953125,0.4303609921500608,0.2177664923930746,0.308837890625,0.11255332530985948,0.3180466352800664,0.6373875164057988,0.6373875164057988,0.030765549261648872,2.0,2,stop_early,contact_push
1,support_penalized,4,-1.558501743931778,1.558501743931778,0.8734493026061728,0.6965061319604615,0.8734493026061728,0.9289824310879937,0.826671872756898,1.0312929894190894,0.055533128481820904,1.0258962964991467,0.25,0.5143478166020073,0.2177664923930746,0.284993518664578,0.06369664222893076,0.29632906884991744,0.8494950584619326,0.8494950584619326,0.07972720448307791,4.0,4,stop_early,contact_push
1,support_penalized,8,-1.7159806662837724,1.7159806662837724,1.2606017944463273,0.8153839565593154,1.2606017944463273,1.383844395513971,1.305624784130649,1.462064006897293,0.12324260106764373,1.7620542610865586,0.015625,-0.024420634012359808,0.2177664923930746,0.17337513124619686,0.04440485145305362,0.1794514227493778,0.6265877481181694,0.6265877481181694,0.09678812296003861,8.0,8,stop_early,contact_push
1,support_penalized,16,-1.8524720601312492,1.8524720601312492,1.621671247711674,0.9300733608319354,1.621671247711674,1.6076059917244552,1.5541540757985026,1.6610579076504077,0.01406525598721875,1.7717459364980335,0.015625,-0.09745238967222121,0.2177664923930746,0.06262537337550625,0.03329395087801288,0.06600822689226946,0.3555258029733206,0.3555258029733206,0.045133681658168334,16.0,16,stop_early,contact_push
1,support_penalized,32,-1.9694962770715099,1.9694962770715099,1.7517230729120028,0.9753089873708908,1.7517230729120028,1.768260727502868,1.7437093618430255,1.7928120931627103,0.016537654590865092,1.7542739937946938,0.015625,-0.04656593406593407,0.2177664923930746,0.022071870613804494,0.023477468341052486,0.02799894368511484,0.282541641107942,0.282541641107942,0.008128239075020555,32.0,32,stop_early,contact_push
1,support_penalized,64,-2.060769852084348,2.060769852084348,1.7592249926430565,0.9796287570063426,1.7592249926430565,1.7737112549499299,1.7540672980167376,1.7933552118831222,0.014486262306873332,1.7542739937946938,0.015625,-0.04656593406593407,0.2177664923930746,0.020129448754046216,0.017357490140190154,0.02857215680732423,0.31035269635218987,0.31035269635218987,0.0002344349915954294,64.0,64,stop_early,contact_push
1,support_penalized,128,-2.1284533307317095,2.1284533307317095,1.7597740800300055,0.9788521418174346,1.7597740800300055,1.7583170697714832,1.7383512742856164,1.77828286525735,0.0014570102585222955,1.7542739937946938,0.015625,-0.04656593406593407,0.2177664923930746,0.021146373177901783,0.013898591343882428,0.02997427834815067,0.33061913814755783,0.33061913814755783,8.57949042107689e-06,128.0,128,stop_early,contact_push
1,random,1,0.0,0.0,0.6832293443783699,0.59521484375,0.6832293443783699,0.6425138828506696,0.5451807079052694,0.7398470577960697,0.040715461527700336,0.6832293443783699,0.2529296875,0.0,0.0,0.2529296875,0.24912070092654692,0.2531750138148958,-7.771561172376096e-16,-7.771561172376096e-16,0.0,1.0,1,collect_pilot_labels,contact_push
1,random,2,0.0,0.0,0.6832293443783699,0.59521484375,0.6832293443783699,0.7241184865252518,0.6592212480298929,0.7890157250206107,0.040889142146881885,0.6832293443783699,0.2529296875,0.0,0.0,0.2529296875,0.24912070092654692,0.2531750138148958,0.6681530656674459,0.6681530656674459,0.0,2.0,2,collect_pilot_labels,contact_push
1,random,4,0.0,0.0,0.6832293443783699,0.59521484375,0.6832293443783699,0.6975185387474252,0.651990690970152,0.7430463865246983,0.014289194369055291,0.6832293443783699,0.2529296875,0.0,0.0,0.2529296875,0.24912070092654692,0.2531750138148958,1.0397150166897355,1.0397150166897355,0.0,4.0,4,collect_pilot_labels,contact_push
1,random,8,0.0,0.0,0.6832293443783699,0.59521484375,0.6832293443783699,0.7114019360182388,0.6788275336928766,0.7439763383436009,0.02817259163986885,0.6832293443783699,0.2529296875,0.0,0.0,0.2529296875,0.24912070092654692,0.2531750138148958,1.2039601981861268,1.2039601981861268,0.0,8.0,8,collect_pilot_labels,contact_push
1,random,16,0.0,0.0,0.6832293443783699,0.59521484375,0.6832293443783699,0.6747468350039086,0.6502399588563776,0.6992537111514396,0.008482509374461267,0.6832293443783699,0.2529296875,0.0,0.0,0.2529296875,0.24912070092654692,0.2531750138148958,1.2939677063066246,1.2939677063066246,0.0,16.0,16,collect_pilot_labels,contact_push
1,random,32,0.0,0.0,0.6832293443783699,0.59521484375,0.6832293443783699,0.6924722674856376,0.6760439046614338,0.7089006303098414,0.009242923107267709,0.6832293443783699,0.2529296875,0.0,0.0,0.2529296875,0.24912070092654692,0.2531750138148958,1.351035369641575,1.351035369641575,0.0,32.0,32,collect_pilot_labels,contact_push
1,random,64,0.0,0.0,0.6832293443783699,0.59521484375,0.6832293443783699,0.6852524205479498,0.6733211433099693,0.6971836977859303,0.0020230761695798627,0.6832293443783699,0.2529296875,0.0,0.0,0.2529296875,0.24912070092654692,0.2531750138148958,1.3863483446168765,1.3863483446168765,0.0,64.0,64,collect_pilot_labels,contact_push
1,random,128,0.0,0.0,0.6832293443783699,0.59521484375,0.6832293443783699,0.6869998725807629,0.6786290732717246,0.6953706718898012,0.0037705282023929865,0.6832293443783699,0.2529296875,0.0,0.0,0.2529296875,0.24912070092654692,0.2531750138148958,1.4071638737991934,1.4071638737991934,0.0,128.0,128,collect_pilot_labels,contact_push
1,oracle,1,-0.6832293443783691,0.6832293443783691,0.6832293443783691,0.59521484375,0.6832293443783691,0.6425138828506696,0.5451807079052694,0.7398470577960697,0.04071546152769956,0.6832293443783699,0.2529296875,1.0,1.0,0.2529296875,0.2491207009265473,0.25317501381489704,0.0,0.0,-7.771561172376096e-16,1.0,1,stop_early,contact_push
1,oracle,2,-1.3513824100458158,1.3513824100458158,1.3513824100458158,0.8360340595245361,1.3513824100458158,1.389595096107332,1.3318606104529376,1.4473295817617264,0.03821268606151618,1.6659152555086256,0.0,1.0,1.0,0.06689167022705078,0.22222347023492053,0.060524116480216154,0.0,0.0,0.6681530656674467,2.0,2,stop_early,contact_push
1,oracle,4,-1.7229443610681054,1.7229443610681054,1.7229443610681054,0.9730326704155345,1.7229443610681054,1.7473031221955933,1.7252514581556508,1.7693547862355357,0.024358761127487805,1.8598223651979378,0.0,1.0,1.0,0.0057217377579945605,0.1639085961165298,0.005784333559444743,0.0,0.0,0.1857809755111448,4.0,4,stop_early,contact_push
1,oracle,8,-1.8871895425644967,1.8871895425644967,1.8871895425644967,0.9992620581356865,1.8871895425644967,1.901871396465974,1.8898670118053151,1.9138757811266327,0.014681853901477249,1.9631189097111452,0.0,1.0,1.0,0.00011064838794146061,0.13007657022854663,0.0006124855719143538,0.0,0.0,0.041061295374097806,8.0,8,stop_early,contact_push
1,oracle,16,-1.9771970506849945,1.9771970506849945,1.9771970506849945,0.9999994091071108,1.9771970506849945,1.9716821560004252,1.9634772953492776,1.9798870166515727,0.005514894684569338,2.028612220490385,0.0,1.0,1.0,1.548959050572552e-07,0.10391678033074088,0.00019504538916184386,0.0,0.0,0.011250938515062231,16.0,16,stop_early,contact_push
1,oracle,32,-2.034264714019945,2.034264714019945,2.034264714019945,0.9999999999994096,2.034264714019945,2.038813589017112,2.034063437886508,2.0435637401477162,0.004548874997167385,2.0676308923398423,0.0,1.0,1.0,3.8744370790680827e-13,0.08271627167990862,0.00014091948775787615,0.0,0.0,0.0035667289584343925,32.0,32,stop_early,contact_push
1,oracle,64,-2.0695776889952464,2.0695776889952464,2.0695776889952464,1.0,2.0695776889952464,2.0706012217165055,2.067629602301843,2.0735728411311682,0.0010235327212591017,2.0676308923398423,0.0,1.0,1.0,2.627899542434064e-24,0.06938007744353368,0.00013098706982796725,0.0,0.0,0.0011035304679781754,64.0,64,stop_early,contact_push
1,oracle,128,-2.0903932181775633,2.0903932181775633,2.0903932181775633,1.0,2.0903932181775633,2.090726818742517,2.0888424610547704,2.0926111764302635,0.0003336005649536844,2.0676308923398423,0.0,1.0,1.0,1.2580342773342834e-46,0.05831835801013876,0.00012860162972609215,0.0,0.0,0.0003252426434737013,128.0,128,stop_early,contact_push
2,raw_ebm,1,-1.7235915284859027,1.7235915284859027,0.6370780764099275,0.57666015625,0.6370780764099275,0.5693560830369754,0.47026995678413896,0.6684422092898118,0.06772199337295215,0.6370780764099282,0.2724609375,-0.36335821963819137,-0.36335821963819137,0.2724609375,0.23971175814067147,0.26800214411185413,1.1102230246251565e-16,1.1102230246251565e-16,-6.661338147750939e-16,1.0,1,collect_pilot_labels,contact_push
2,raw_ebm,2,-2.1811605357281256,2.1811605357281256,0.26053295987087116,0.48671460151672363,0.26053295987087116,0.310862440562021,0.2007768052013197,0.4209480759227223,0.05032948069114984,0.14878694342467472,0.5126953125,-0.8174715126779201,-0.36335821963819137,0.45284271240234375,0.09297095121310579,0.46236436060908365,1.0645112653845494,1.0645112653845494,-0.37654511653905637,2.0,2,collect_pilot_labels,contact_push
2,raw_ebm,4,-2.563713695334054,2.563713695334054,-0.40726532674272553,0.28193410647810424,-0.40726532674272553,-0.411747671001963,-0.5174583774980934,-0.3060369645058326,0.004482344259237492,-1.2410182526499844,0.98828125,-0.5092959460580675,-0.36335821963819137,0.693738994751584,0.029620737833514942,0.7224652167827142,2.1293256879667375,2.1293256879667375,-0.3338991433067984,4.0,4,collect_pilot_labels,contact_push
2,raw_ebm,8,-2.841590998119856,2.841590998119856,-1.0511354151151417,0.08815937403907431,-1.0511354151151417,-1.0400590044801357,-1.1104423181365903,-0.969675690823681,0.011076410635006084,-1.3933725355371567,1.0,-0.08042172121766995,-0.36335821963819137,0.9041145473992933,0.008522688043033584,0.9671306949140362,2.9464137004719397,2.9464137004719397,-0.16096752209310405,8.0,8,collect_pilot_labels,contact_push
2,raw_ebm,16,-2.9836022947626115,2.9836022947626115,-1.3497152020345644,0.008497111972751194,-1.3497152020345644,-1.3579045745557117,-1.387083166895738,-1.3287259822156854,0.008189372521147265,-1.410793426685828,1.0,0.10420481596777147,-0.36335821963819137,0.990442567675335,0.004401005969200015,1.0910765297384235,3.3330515073224545,3.3330515073224545,-0.03732247336492783,16.0,16,collect_pilot_labels,contact_push
2,raw_ebm,32,-3.037565916042251,3.037565916042251,-1.394792452911187,8.047448898567632e-05,-1.394792452911187,-1.3855313684249662,-1.4013854148661709,-1.3696773219837615,0.009261084486220872,-1.396965769121971,1.0,0.25526556776556775,-0.36335821963819137,0.9998975861517934,0.0030910902323329353,1.1158702001983594,3.432183357437509,3.432183357437509,-0.002817328179788914,32.0,32,collect_pilot_labels,contact_push
2,raw_ebm,64,-3.064172608810876,3.064172608810876,-1.3855432222001045,7.734031132796768e-09,-1.3855432222001045,-1.3823579330319735,-1.3966985507846066,-1.3680173152793405,0.003185289168130989,-1.396965769121971,1.0,0.25526556776556775,-0.36335821963819137,0.9999999839098765,0.002309507261689141,1.1127403322205014,3.4582405836202543,3.4582405836202543,0.00028903845972132886,64.0,64,collect_pilot_labels,contact_push
2,raw_ebm,128,-3.08201120608413,3.08201120608413,-1.3694700671919153,8.44963432943879e-17,-1.3694700671919153,-1.3757213806556465,-1.3878430161180197,-1.3635997451932733,0.006251313463731201,-1.396965769121971,1.0,0.25526556776556775,-0.36335821963819137,0.9999999999999989,0.0019460766830790015,1.1048240908869738,3.4660737981150813,3.4660737981150813,0.0002511430470029559,128.0,128,collect_pilot_labels,contact_push
2,calibrated,1,-0.6394577083374854,0.6394577083374854,0.6370780764099276,0.57666015625,0.6370780764099276,0.5693560830369754,0.47026995678413896,0.6684422092898118,0.06772199337295226,0.6370780764099282,0.2724609375,0.9702514814067439,0.9702514814067439,0.2724609375,0.23971175814067164,0.2680021441118543,0.0,0.0,-5.551115123125783e-16,1.0,1,block_high_n,contact_push
2,calibrated,2,-1.3011379733708648,1.3011379733708648,1.313370806006815,0.8179056644439697,1.313370806006815,1.2891422776592802,1.2227937364390074,1.3554908188795531,0.02422852834753475,1.641068755703562,0.0,0.8480905782848152,0.9702514814067439,0.07682085037231445,0.2273679243184295,0.067517277826014,0.011673419248605654,0.011673419248605654,0.6762927295968874,2.0,2,block_high_n,contact_push
2,calibrated,4,-1.6472341876759493,1.6472341876759493,1.6968456149079763,0.9646188579543491,1.6968456149079763,1.6995686505294962,1.668668322342591,1.7304689787164014,0.002723035621519987,1.8475710583944105,0.0,0.6462206457925636,0.9702514814067439,0.00683851319479345,0.17864895481395213,0.006769650626263212,0.025214746316035708,0.025214746316035708,0.19173740445058063,4.0,4,block_high_n,contact_push
2,calibrated,8,-1.7797870399352569,1.7797870399352569,1.8592519310560984,0.9983402159911429,1.8592519310560984,1.8562751221456917,1.8399299962262947,1.8726202480650886,0.0029768089104067474,1.9299616721555153,0.0,0.40897087434195467,0.9702514814067439,8.48197474203457e-05,0.15590019279123413,0.0008745848047730316,0.03602635430069978,0.03602635430069978,0.040601579037030544,8.0,8,block_high_n,contact_push
2,calibrated,16,-1.850341377126074,1.850341377126074,1.933433024645561,0.999990407454488,1.933433024645561,1.9288416523691436,1.918647668567972,1.9390356361703152,0.0045913722764174825,1.971610584217916,0.0,0.13073956235121773,0.9702514814067439,3.24710917977234e-08,0.14490681247641357,0.0003611813929770171,0.04990328064232874,0.04990328064232874,0.009272636698682835,16.0,16,block_high_n,contact_push
2,calibrated,32,-1.8985565849644572,1.8985565849644572,1.9672395924158685,0.9999999984184937,1.9672395924158685,1.975067708932848,1.9666391949392943,1.983496222926402,0.007828116516979566,1.991592058774089,0.0,-0.12431318681318682,0.9702514814067439,7.740009486784673e-15,0.13662821057732677,0.00019310656415321366,0.07015131211045356,0.07015131211045356,0.002112910485644215,32.0,32,block_high_n,contact_push
2,calibrated,64,-1.9344275881358746,1.9344275881358746,1.9761894437170413,0.9999999999999999,1.9761894437170413,1.9810780484851918,1.9726355529393036,1.98952054403108,0.004888604768150451,1.991592058774089,0.0,-0.12431318681318682,0.9702514814067439,4.8572126542769035e-28,0.13817121872758578,0.00013941516199581297,0.09650791770310874,0.09650791770310874,0.0002796828531616488,64.0,64,block_high_n,contact_push
2,calibrated,128,-1.9620122313192114,1.9620122313192114,1.9653539855174578,1.0,1.9653539855174578,1.962767372128317,1.953924347135205,1.971610397121429,0.0025866133891407905,1.991592058774089,0.0,-0.12431318681318682,0.9702514814067439,2.021175491152365e-54,0.15259197533062716,0.00012594684161721067,0.13124974540570822,0.13124974540570822,-0.00016930403436849276,128.0,128,block_high_n,contact_push
2,value_shaped,1,-0.9744939657766835,0.9744939657766835,0.6370780764099282,0.57666015625,0.6370780764099282,0.5693560830369754,0.47026995678413896,0.6684422092898118,0.06772199337295282,0.6370780764099282,0.2724609375,0.5551448349068665,0.5551448349068665,0.2724609375,0.23971175814067155,0.26800214411185463,-5.551115123125783e-16,-5.551115123125783e-16,0.0,1.0,1,stop_early,contact_push
2,value_shaped,2,-1.3540747038750987,1.3540747038750987,0.9756862361477396,0.7206685543060303,0.9756862361477396,0.9990456559840689,0.9096112620008479,1.08848004996729,0.023359419836329276,1.2166948232565864,0.1484375,0.4951411402081396,0.5551448349068665,0.2142200469970703,0.0982182090125801,0.20997628037888372,0.349357989107681,0.349357989107681,0.33860815973781144,2.0,2,stop_early,contact_push
2,value_shaped,4,-1.6066235732066305,1.6066235732066305,1.375032268213145,0.8598140164796746,1.375032268213145,1.4128761414808688,1.3493893151611154,1.4763629678006223,0.03784387326772376,1.6465747056060698,0.009765625,0.20690076003364577,0.5551448349068665,0.09928574383070554,0.06266204067080221,0.09511374892552331,0.3470280930108669,0.3470280930108669,0.1996730160327027,4.0,4,stop_early,contact_push
2,value_shaped,8,-1.7996504868491345,1.7996504868491345,1.6340604147131736,0.951427950936567,1.6340604147131736,1.628194786916477,1.5866516396136248,1.6697379342193293,0.0058656277966966375,1.733244684095708,0.0,0.09473492217898832,0.5551448349068665,0.02299979083082216,0.03968950938400539,0.025349102682230982,0.26121787064362456,0.26121787064362456,0.06475703662500715,8.0,8,stop_early,contact_push
2,value_shaped,16,-1.9414208966191226,1.9414208966191226,1.7297296883944,0.9867449918993797,1.7297296883944,1.707023558615716,1.6818871873187065,1.7321599299127257,0.022706129778683914,1.758477320735313,0.0,0.020543398644936824,0.5551448349068665,0.0023679016692492614,0.023937666047853433,0.007392925121945387,0.25360661689348984,0.25360661689348984,0.011958659210153294,16.0,16,stop_early,contact_push
2,value_shaped,32,-2.0407886931008474,2.0407886931008474,1.760588686104602,0.9975150988454815,1.760588686104602,1.7577440056822202,1.736723243835833,1.7787647675286073,0.00284468042238184,1.773586409548416,0.0,-0.02902930402930403,0.5551448349068665,6.84472568568511e-05,0.016130004047110184,0.004485008967152748,0.27680221842172004,0.27680221842172004,0.001928687356887629,32.0,32,stop_early,contact_push
2,value_shaped,64,-2.1113541826235998,2.1113541826235998,1.7734963330861164,0.99985719296044,1.7734963330861164,1.78464184271311,1.7653387306360278,1.8039449547901925,0.011145509626993677,1.773586409548416,0.0,-0.02902930402930403,0.5551448349068665,9.678268072760734e-08,0.012029324448652996,0.003895334896952373,0.2992010283340336,0.2992010283340336,0.0004033639681723239,64.0,64,stop_early,contact_push
2,value_shaped,128,-2.1638607551909046,2.1638607551909046,1.7837804529770633,0.9999995294456369,1.7837804529770633,1.7806609542639802,1.7636979816937537,1.7976239268342067,0.0031194987130831464,1.773586409548416,0.0,-0.02902930402930403,0.5551448349068665,2.106055648776006e-13,0.009526790436918372,0.00398672981395775,0.31282327794610265,0.31282327794610265,0.00016068937329604543,128.0,128,stop_early,contact_push
2,support_penalized,1,-0.9046894435169522,0.9046894435169522,0.6370780764099281,0.57666015625,0.6370780764099281,0.5693560830369754,0.47026995678413896,0.6684422092898118,0.0677219933729527,0.6370780764099282,0.2724609375,0.21833601211571982,0.21833601211571982,0.2724609375,0.2397117581406715,0.2680021441118546,-4.440892098500626e-16,-4.440892098500626e-16,-1.1102230246251565e-16,1.0,1,stop_early,contact_push
2,support_penalized,2,-1.3284119691930074,1.3284119691930074,0.6769559195379686,0.631206750869751,0.6769559195379686,0.6920379740945957,0.5859779760324435,0.7980979721567478,0.015082054556627034,0.5139527486326089,0.3935546875,0.405044781757385,0.21833601211571982,0.32189464569091797,0.10884233834382871,0.3335927139007638,0.648088305717452,0.648088305717452,0.03987784312804055,2.0,2,stop_early,contact_push
2,support_penalized,4,-1.5540399942314111,1.5540399942314111,0.8520278937036236,0.6916412664352833,0.8520278937036236,0.9234569930680989,0.8179618083279077,1.0289521778082902,0.07142909936447528,1.0086007414016132,0.25,0.5799539158970486,0.21833601211571982,0.28985519297680185,0.06003496681487242,0.3080635067361076,0.8700324675203883,0.8700324675203883,0.0875359870828275,4.0,4,stop_early,contact_push
2,support_penalized,8,-1.7071035362208162,1.7071035362208162,1.259260998333487,0.8170145676460844,1.259260998333487,1.2711554251340536,1.1822969232173033,1.3600139270508038,0.011894426800566515,1.7573452555239555,0.0078125,0.16505850881208514,0.21833601211571982,0.168468702496081,0.039890388092669204,0.18366480621395057,0.6360172870233112,0.6360172870233112,0.10180827615746585,8.0,8,stop_early,contact_push
2,support_penalized,16,-1.8378994470865042,1.8378994470865042,1.645176643363795,0.9355992576348515,1.645176643363795,1.6121945031375946,1.5557927971052803,1.668596209169909,0.032982140226200496,1.8040842290296264,0.0,0.05625114447903314,0.21833601211571982,0.04922726908331003,0.029334145902328586,0.06339071630239725,0.33815966192409475,0.33815966192409475,0.04823945562878851,16.0,16,stop_early,contact_push
2,support_penalized,32,-1.9482087425296797,1.9482087425296797,1.796658111624141,0.9780492227752579,1.796658111624141,1.8116120464392567,1.7873047765226677,1.8359193163558456,0.014953934815115755,1.8356315741256979,0.0,0.04116300366300366,0.21833601211571982,0.005241778704603062,0.020671017947943827,0.023684323629634896,0.2407327929021812,0.2407327929021812,0.009467591766271613,32.0,32,stop_early,contact_push
2,support_penalized,64,-2.036786721267293,2.036786721267293,1.8253511142287742,0.9817545680694735,1.8253511142287742,1.8323843824590815,1.812275487748567,1.852493277169596,0.007033268230307366,1.8356315741256979,0.0,0.04116300366300366,0.21833601211571982,0.00022291938228902124,0.0154197442469732,0.024052492507638287,0.24734624719137588,0.24734624719137588,0.0008966563313947892,64.0,64,stop_early,contact_push
2,support_penalized,128,-2.1093016739394597,2.1093016739394597,1.8302385580303784,0.9842916724587375,1.8302385580303784,1.8363089330221938,1.8187514656493935,1.853866400394994,0.006070374991815397,1.8356315741256979,0.0,0.04116300366300366,0.21833601211571982,1.587553240091422e-06,0.013130401118416339,0.029656184502182135,0.2663651728927876,0.2663651728927876,7.636630940006592e-05,128.0,128,stop_early,contact_push
2,random,1,0.0,0.0,0.6370780764099282,0.57666015625,0.6370780764099282,0.5693560830369754,0.47026995678413896,0.6684422092898118,0.06772199337295282,0.6370780764099282,0.2724609375,0.0,0.0,0.2724609375,0.2397117581406717,0.26800214411185413,-5.551115123125783e-16,-5.551115123125783e-16,0.0,1.0,1,collect_pilot_labels,contact_push
2,random,2,0.0,0.0,0.6370780764099282,0.57666015625,0.6370780764099282,0.6707287652555365,0.5995433766146138,0.7419141538964592,0.03365068884560829,0.6370780764099282,0.2724609375,0.0,0.0,0.2724609375,0.2397117581406717,0.26800214411185413,0.6879661488454925,0.6879661488454925,0.0,2.0,2,collect_pilot_labels,contact_push
2,random,4,0.0,0.0,0.6370780764099282,0.57666015625,0.6370780764099282,0.626780514740531,0.5778498005172896,0.6757112289637723,0.010297561669397215,0.6370780764099282,0.2724609375,0.0,0.0,0.2724609375,0.2397117581406717,0.26800214411185413,1.0849822848140838,1.0849822848140838,0.0,4.0,4,collect_pilot_labels,contact_push
2,random,8,0.0,0.0,0.6370780764099282,0.57666015625,0.6370780764099282,0.6334089375874993,0.5985455600961247,0.6682723150788739,0.003669138822428919,0.6370780764099282,0.2724609375,0.0,0.0,0.2724609375,0.2397117581406717,0.26800214411185413,1.25820020894687,1.25820020894687,0.0,8.0,8,collect_pilot_labels,contact_push
2,random,16,0.0,0.0,0.6370780764099282,0.57666015625,0.6370780764099282,0.6401381391692004,0.6161905421842262,0.6640857361541745,0.003060062759272175,0.6370780764099282,0.2724609375,0.0,0.0,0.2724609375,0.2397117581406717,0.26800214411185413,1.3462582288779616,1.3462582288779616,0.0,16.0,16,collect_pilot_labels,contact_push
2,random,32,0.0,0.0,0.6370780764099282,0.57666015625,0.6370780764099282,0.6269893649210836,0.6099910036785577,0.6439877261636094,0.010088711488844604,0.6370780764099282,0.2724609375,0.0,0.0,0.2724609375,0.2397117581406717,0.26800214411185413,1.400312828116394,1.400312828116394,0.0,32.0,32,collect_pilot_labels,contact_push
2,random,64,0.0,0.0,0.6370780764099282,0.57666015625,0.6370780764099282,0.6393305463946252,0.6274248609750934,0.6512362318141569,0.00225246998469697,0.6370780764099282,0.2724609375,0.0,0.0,0.2724609375,0.2397117581406717,0.26800214411185413,1.4356192850102218,1.4356192850102218,0.0,64.0,64,collect_pilot_labels,contact_push
2,random,128,0.0,0.0,0.6370780764099282,0.57666015625,0.6370780764099282,0.6377276329217669,0.6292875377669013,0.6461677280766326,0.0006495565118387336,0.6370780764099282,0.2724609375,0.0,0.0,0.2724609375,0.2397117581406717,0.26800214411185413,1.4595256545132378,1.4595256545132378,0.0,128.0,128,collect_pilot_labels,contact_push
2,oracle,1,-0.6370780764099276,0.6370780764099276,0.6370780764099276,0.57666015625,0.6370780764099276,0.5693560830369754,0.47026995678413896,0.6684422092898118,0.06772199337295226,0.6370780764099282,0.2724609375,1.0,1.0,0.2724609375,0.2397117581406716,0.2680021441118544,0.0,0.0,-5.551115123125783e-16,1.0,1,stop_early,contact_push
2,oracle,2,-1.3250442252554206,1.3250442252554206,1.3250442252554206,0.8207600116729736,1.3250442252554206,1.3081466069744594,1.2419950642058426,1.3742981497430762,0.016897618280961257,1.6645351194497575,0.0,1.0,1.0,0.07577657699584961,0.22014116318300533,0.06675668978331568,0.0,0.0,0.687966148845493,2.0,2,stop_early,contact_push
2,oracle,4,-1.722060361224012,1.722060361224012,1.722060361224012,0.9678548606171375,1.722060361224012,1.7223187417708543,1.6924861171658094,1.7521513663758992,0.0002583805468423517,1.8730525657054393,0.0,1.0,1.0,0.00637407226133746,0.1606462807512631,0.006285732394776106,0.0,0.0,0.19850806798429566,4.0,4,stop_early,contact_push
2,oracle,8,-1.8952782853567982,1.8952782853567982,1.8952782853567982,0.9989639426766491,1.8952782853567982,1.8897783378477588,1.8751641631191016,1.904392512576416,0.005499947509039371,1.9701860724281453,0.0,1.0,1.0,7.81236228921375e-05,0.12126351039569468,0.0005579723289416777,0.0,0.0,0.04330448103319656,8.0,8,stop_early,contact_push
2,oracle,16,-1.9833363052878898,1.9833363052878898,1.9833363052878898,0.9999989108283348,1.9833363052878898,1.9827930762598551,1.974775868900904,1.9908102836188062,0.0005432290280347196,2.03032888222602,0.0,1.0,1.0,8.14066390532819e-08,0.0928264682525417,0.00016925086872811304,0.0,0.0,0.011007252491386454,16.0,16,stop_early,contact_push
2,oracle,32,-2.037390904526322,2.037390904526322,2.037390904526322,0.9999999999986826,2.037390904526322,2.041052761613225,2.0361886040745825,2.0459169191518676,0.00366185708690292,2.0674627299430304,0.0,1.0,1.0,2.669296651067935e-13,0.07044205644785555,0.0001314100256649843,0.0,0.0,0.003378412452402016,32.0,32,stop_early,contact_push
2,oracle,64,-2.07269736142015,2.07269736142015,2.07269736142015,1.0,2.07269736142015,2.074604455138249,2.0713319493865145,2.077876960889984,0.001907093718099162,2.0674627299430304,0.0,1.0,1.0,2.9625148928993913e-24,0.05476640020244499,0.00012225702553500344,0.0,0.0,0.0011033267779321232,64.0,64,stop_early,contact_push
2,oracle,128,-2.096603730923166,2.096603730923166,2.096603730923166,1.0,2.096603730923166,2.0960952771269126,2.0937484213190154,2.0984421329348097,0.0005084537962534164,2.0674627299430304,0.0,1.0,1.0,2.4432991748320085e-46,0.04171002634622708,0.00011473864946293712,0.0,0.0,0.00037353702348462414,128.0,128,stop_early,contact_push
