benchmark,task,seed,N,model,raw_utility,repair_utility,oracle_utility,oracle_minus_raw_gap,repair_recovery_ratio,repair_recovery_ratio_reported,recovery_ge_95,utility_not_degraded,tail_rank_improved,support_distance_reduced,gate_selected_N,requested_N,deployment_gate
,contact_push,0,1,calibrated,0.71872372322257,0.7187237232225706,0.7187237232225707,6.661338147750939e-16,1.0,1.0,1,1,1,1,1,1,stop_early
,contact_push,0,1,calibrated_support_penalized,0.71872372322257,0.7187237232225707,0.7187237232225707,6.661338147750939e-16,1.0,1.0,1,1,1,1,1,1,stop_early
,contact_push,0,1,calibrated_support_penalized_conservative_gate,0.71872372322257,0.7187237232225707,0.7187237232225707,6.661338147750939e-16,1.0,1.0,1,1,1,1,1,1,stop_early
,contact_push,0,1,oracle,0.71872372322257,0.7187237232225707,0.7187237232225707,6.661338147750939e-16,1.0,1.0,1,1,1,1,1,1,stop_early
,contact_push,0,1,oracle_value_shaped_upper,0.71872372322257,0.718723723222571,0.7187237232225707,6.661338147750939e-16,1.0,1.0,1,1,1,1,1,1,stop_early
,contact_push,0,1,random,0.71872372322257,0.7187237232225709,0.7187237232225707,6.661338147750939e-16,1.0,1.0,1,1,1,1,1,1,collect_pilot_labels
,contact_push,0,1,raw_ebm,0.71872372322257,0.71872372322257,0.7187237232225707,6.661338147750939e-16,1.0,1.0,1,1,1,1,1,1,collect_pilot_labels
,contact_push,0,1,support_penalized,0.71872372322257,0.7187237232225724,0.7187237232225707,6.661338147750939e-16,1.0,1.0,1,1,1,1,1,1,stop_early
,contact_push,0,1,support_penalized_conservative_gate,0.71872372322257,0.7187237232225724,0.7187237232225707,6.661338147750939e-16,1.0,1.0,1,1,1,1,1,1,stop_early
,contact_push,0,1,value_shaped,0.71872372322257,0.718723723222571,0.7187237232225707,6.661338147750939e-16,1.0,1.0,1,1,1,1,1,1,stop_early
,contact_push,0,2,calibrated,0.35329723033528543,1.3618008083977051,1.3736713801416585,1.020374149806373,0.9883664519076596,0.9883664519076596,1,1,1,1,2,2,stop_early
,contact_push,0,2,calibrated_support_penalized,0.35329723033528543,1.3576980491757076,1.3736713801416585,1.020374149806373,0.9843456138427439,0.9843456138427439,1,1,1,1,2,2,stop_early
,contact_push,0,2,calibrated_support_penalized_conservative_gate,0.35329723033528543,1.3576980491757076,1.3736713801416585,1.020374149806373,0.9843456138427439,0.9843456138427439,1,1,1,1,2,2,stop_early
,contact_push,0,2,oracle,0.35329723033528543,1.3736713801416585,1.3736713801416585,1.020374149806373,1.0,1.0,1,1,1,1,2,2,stop_early
,contact_push,0,2,oracle_value_shaped_upper,0.35329723033528543,1.370868611163105,1.3736713801416585,1.020374149806373,0.99725319484124,0.99725319484124,1,1,1,1,2,2,stop_early
,contact_push,0,2,random,0.35329723033528543,0.7187237232225709,1.3736713801416585,1.020374149806373,0.35812990064147465,0.35812990064147465,0,1,1,1,2,2,collect_pilot_labels
,contact_push,0,2,raw_ebm,0.35329723033528543,0.35329723033528543,1.3736713801416585,1.020374149806373,0.0,0.0,0,1,1,1,2,2,collect_pilot_labels
,contact_push,0,2,support_penalized,0.35329723033528543,0.7394438083500239,1.3736713801416585,1.020374149806373,0.37843626094213967,0.37843626094213967,0,1,1,1,2,2,stop_early
,contact_push,0,2,support_penalized_conservative_gate,0.35329723033528543,0.7394438083500239,1.3736713801416585,1.020374149806373,0.37843626094213967,0.37843626094213967,0,1,1,1,2,2,stop_early
,contact_push,0,2,value_shaped,0.35329723033528543,1.036659458037014,1.3736713801416585,1.020374149806373,0.6697173069617689,0.6697173069617689,0,1,1,1,2,2,stop_early
,contact_push,0,4,calibrated,-0.2994864188794506,1.7000454503587639,1.7252433740530981,2.0247297929325487,0.9875549202751452,0.9875549202751452,1,1,1,1,4,4,stop_early
,contact_push,0,4,calibrated_support_penalized,-0.2994864188794506,1.695285748090582,1.7252433740530981,2.0247297929325487,0.9852041363410144,0.9852041363410144,1,1,1,1,4,4,stop_early
,contact_push,0,4,calibrated_support_penalized_conservative_gate,-0.2994864188794506,1.695285748090582,1.7252433740530981,2.0247297929325487,0.9852041363410144,0.9852041363410144,1,1,1,1,4,4,stop_early
,contact_push,0,4,oracle,-0.2994864188794506,1.7252433740530981,1.7252433740530981,2.0247297929325487,1.0,1.0,1,1,1,1,4,4,stop_early
,contact_push,0,4,oracle_value_shaped_upper,-0.2994864188794506,1.7201146387751718,1.7252433740530981,2.0247297929325487,0.9974669532221886,0.9974669532221886,1,1,1,1,4,4,stop_early
,contact_push,0,4,random,-0.2994864188794506,0.7187237232225709,1.7252433740530981,2.0247297929325487,0.5028869262733973,0.5028869262733973,0,1,1,1,4,4,collect_pilot_labels
,contact_push,0,4,raw_ebm,-0.2994864188794506,-0.2994864188794506,1.7252433740530981,2.0247297929325487,0.0,0.0,0,1,1,1,4,4,collect_pilot_labels
,contact_push,0,4,support_penalized,-0.2994864188794506,0.8841607527946563,1.7252433740530981,2.0247297929325487,0.584595127609474,0.584595127609474,0,1,1,1,4,4,stop_early
,contact_push,0,4,support_penalized_conservative_gate,-0.2994864188794506,0.7394438083500239,1.7252433740530981,2.0247297929325487,0.5131204325910194,0.5131204325910194,0,1,1,1,2,4,stop_early
,contact_push,0,4,value_shaped,-0.2994864188794506,1.3902084877474454,1.7252433740530981,2.0247297929325487,0.8345285936547613,0.8345285936547613,0,1,1,1,4,4,stop_early
,contact_push,0,8,calibrated,-0.9619611828642285,1.8413433723373478,1.8779567838514246,2.839917966715653,0.9871075812952371,0.9871075812952371,1,1,1,1,8,8,stop_early
,contact_push,0,8,calibrated_support_penalized,-0.9619611828642285,1.8371792905616764,1.8779567838514246,2.839917966715653,0.9856413129647872,0.9856413129647872,1,1,1,1,8,8,stop_early
,contact_push,0,8,calibrated_support_penalized_conservative_gate,-0.9619611828642285,1.8371792905616764,1.8779567838514246,2.839917966715653,0.9856413129647872,0.9856413129647872,1,1,1,1,8,8,stop_early
,contact_push,0,8,oracle,-0.9619611828642285,1.8779567838514246,1.8779567838514246,2.839917966715653,1.0,1.0,1,1,1,1,8,8,stop_early
,contact_push,0,8,oracle_value_shaped_upper,-0.9619611828642285,1.8720777834115916,1.8779567838514246,2.839917966715653,0.9979298696269624,0.9979298696269624,1,1,1,1,8,8,stop_early
,contact_push,0,8,random,-0.9619611828642285,0.7187237232225709,1.8779567838514246,2.839917966715653,0.5918075542268219,0.5918075542268219,0,1,0,1,8,8,collect_pilot_labels
,contact_push,0,8,raw_ebm,-0.9619611828642285,-0.9619611828642285,1.8779567838514246,2.839917966715653,0.0,0.0,0,1,1,1,8,8,collect_pilot_labels
,contact_push,0,8,support_penalized,-0.9619611828642285,1.252269728729216,1.8779567838514246,2.839917966715653,0.7796812927502227,0.7796812927502227,0,1,1,1,8,8,stop_early
,contact_push,0,8,support_penalized_conservative_gate,-0.9619611828642285,1.252269728729216,1.8779567838514246,2.839917966715653,0.7796812927502227,0.7796812927502227,0,1,1,1,8,8,stop_early
,contact_push,0,8,value_shaped,-0.9619611828642285,1.61064502984276,1.8779567838514246,2.839917966715653,0.9058734241123841,0.9058734241123841,0,1,1,1,8,8,stop_early
,contact_push,0,16,calibrated,-1.3031745450565562,1.9108483239203675,1.9629019043249407,3.266076449381497,0.9840623508937059,0.9840623508937059,1,1,1,1,16,16,stop_early
,contact_push,0,16,calibrated_support_penalized,-1.3031745450565562,1.9093018013340526,1.9629019043249407,3.266076449381497,0.9835888400588301,0.9835888400588301,1,1,1,1,16,16,stop_early
,contact_push,0,16,calibrated_support_penalized_conservative_gate,-1.3031745450565562,1.9093018013340526,1.9629019043249407,3.266076449381497,0.9835888400588301,0.9835888400588301,1,1,1,1,16,16,stop_early
,contact_push,0,16,oracle,-1.3031745450565562,1.9629019043249407,1.9629019043249407,3.266076449381497,1.0,1.0,1,1,1,1,16,16,stop_early
,contact_push,0,16,oracle_value_shaped_upper,-1.3031745450565562,1.957540986642394,1.9629019043249407,3.266076449381497,0.9983586061852404,0.9983586061852404,1,1,1,1,16,16,stop_early
,contact_push,0,16,random,-1.3031745450565562,0.7187237232225709,1.9629019043249407,3.266076449381497,0.6190603005211399,0.6190603005211399,0,1,0,1,16,16,collect_pilot_labels
,contact_push,0,16,raw_ebm,-1.3031745450565562,-1.3031745450565562,1.9629019043249407,3.266076449381497,0.0,0.0,0,1,1,1,16,16,collect_pilot_labels
,contact_push,0,16,support_penalized,-1.3031745450565562,1.6083293654296953,1.9629019043249407,3.266076449381497,0.8914377711635036,0.8914377711635036,0,1,0,1,16,16,stop_early
,contact_push,0,16,support_penalized_conservative_gate,-1.3031745450565562,1.6083293654296953,1.9629019043249407,3.266076449381497,0.8914377711635036,0.8914377711635036,0,1,0,1,16,16,stop_early
,contact_push,0,16,value_shaped,-1.3031745450565562,1.6877779287773982,1.9629019043249407,3.266076449381497,0.9157631550236237,0.9157631550236237,0,1,1,1,16,16,stop_early
,contact_push,0,32,calibrated,-1.3606869355458406,1.9503107019425996,2.020223426944386,3.380910362490227,0.9793213313853456,0.9793213313853456,1,1,1,1,32,32,stop_early
,contact_push,0,32,calibrated_support_penalized,-1.3606869355458406,1.952261992089396,2.020223426944386,3.380910362490227,0.9798984807142498,0.9798984807142498,1,1,1,1,32,32,stop_early
,contact_push,0,32,calibrated_support_penalized_conservative_gate,-1.3606869355458406,1.952261992089396,2.020223426944386,3.380910362490227,0.9798984807142498,0.9798984807142498,1,1,1,1,32,32,stop_early
,contact_push,0,32,oracle,-1.3606869355458406,2.020223426944386,2.020223426944386,3.380910362490227,1.0,1.0,1,1,1,1,32,32,stop_early
,contact_push,0,32,oracle_value_shaped_upper,-1.3606869355458406,2.015778492524844,2.020223426944386,3.380910362490227,0.998685284747902,0.998685284747902,1,1,1,1,32,32,stop_early
,contact_push,0,32,random,-1.3606869355458406,0.7187237232225709,2.020223426944386,3.380910362490227,0.6150445991821005,0.6150445991821005,0,1,1,1,32,32,collect_pilot_labels
,contact_push,0,32,raw_ebm,-1.3606869355458406,-1.3606869355458406,2.020223426944386,3.380910362490227,0.0,0.0,0,1,1,1,32,32,collect_pilot_labels
,contact_push,0,32,support_penalized,-1.3606869355458406,1.7581525239043652,2.020223426944386,3.380910362490227,0.9224851075770636,0.9224851075770636,0,1,1,1,32,32,stop_early
,contact_push,0,32,support_penalized_conservative_gate,-1.3606869355458406,1.7581525239043652,2.020223426944386,3.380910362490227,0.9224851075770636,0.9224851075770636,0,1,1,1,32,32,stop_early
,contact_push,0,32,value_shaped,-1.3606869355458406,1.7146659555113672,2.020223426944386,3.380910362490227,0.9096227232691378,0.9096227232691378,0,1,1,1,32,32,stop_early
,contact_push,0,64,calibrated,-1.3558448619613463,1.9750481773595556,2.060865989939815,3.4167108519011613,0.9748829162606757,0.9748829162606757,1,1,1,1,64,64,stop_early
,contact_push,0,64,calibrated_support_penalized,-1.3558448619613463,1.9775874214804092,2.060865989939815,3.4167108519011613,0.9756261000508524,0.9756261000508524,1,1,1,1,64,64,stop_early
,contact_push,0,64,calibrated_support_penalized_conservative_gate,-1.3558448619613463,1.9775874214804092,2.060865989939815,3.4167108519011613,0.9756261000508524,0.9756261000508524,1,1,1,1,64,64,stop_early
,contact_push,0,64,oracle,-1.3558448619613463,2.060865989939815,2.060865989939815,3.4167108519011613,1.0,1.0,1,1,1,1,64,64,stop_early
,contact_push,0,64,oracle_value_shaped_upper,-1.3558448619613463,2.0570749330690754,2.060865989939815,3.4167108519011613,0.9988904367284606,0.9988904367284606,1,1,1,1,64,64,stop_early
,contact_push,0,64,random,-1.3558448619613463,0.7187237232225709,2.060865989939815,3.4167108519011613,0.6071829531695855,0.6071829531695855,0,1,1,1,64,64,collect_pilot_labels
,contact_push,0,64,raw_ebm,-1.3558448619613463,-1.3558448619613463,2.060865989939815,3.4167108519011613,0.0,0.0,0,1,1,1,64,64,collect_pilot_labels
,contact_push,0,64,support_penalized,-1.3558448619613463,1.7949340187908873,2.060865989939815,3.4167108519011613,0.922167258900192,0.922167258900192,0,1,1,1,64,64,stop_early
,contact_push,0,64,support_penalized_conservative_gate,-1.3558448619613463,1.7949340187908873,2.060865989939815,3.4167108519011613,0.922167258900192,0.922167258900192,0,1,1,1,64,64,stop_early
,contact_push,0,64,value_shaped,-1.3558448619613463,1.7391427867818565,2.060865989939815,3.4167108519011613,0.9058383289944064,0.9058383289944064,0,1,1,1,64,64,stop_early
,contact_push,0,128,calibrated,-1.347629657544822,1.9935756589059332,2.087934700491153,3.4355643580359745,0.9725346313584525,0.9725346313584525,1,1,1,1,128,128,stop_early
,contact_push,0,128,calibrated_support_penalized,-1.347629657544822,1.9949049104653043,2.087934700491153,3.4355643580359745,0.9729215405881579,0.9729215405881579,1,1,1,1,128,128,stop_early
,contact_push,0,128,calibrated_support_penalized_conservative_gate,-1.347629657544822,1.9949049104653043,2.087934700491153,3.4355643580359745,0.9729215405881579,0.9729215405881579,1,1,1,1,128,128,stop_early
,contact_push,0,128,oracle,-1.347629657544822,2.087934700491153,2.087934700491153,3.4355643580359745,1.0,1.0,1,1,1,1,128,128,stop_early
,contact_push,0,128,oracle_value_shaped_upper,-1.347629657544822,2.0845717751417214,2.087934700491153,3.4355643580359745,0.9990211432536361,0.9990211432536361,1,1,1,1,128,128,stop_early
,contact_push,0,128,random,-1.347629657544822,0.7187237232225709,2.087934700491153,3.4355643580359745,0.601459662932548,0.601459662932548,0,1,1,1,128,128,collect_pilot_labels
,contact_push,0,128,raw_ebm,-1.347629657544822,-1.347629657544822,2.087934700491153,3.4355643580359745,0.0,0.0,0,1,1,1,128,128,collect_pilot_labels
,contact_push,0,128,support_penalized,-1.347629657544822,1.804148124756626,2.087934700491153,3.4355643580359745,0.9173973920556213,0.9173973920556213,0,1,1,1,128,128,stop_early
,contact_push,0,128,support_penalized_conservative_gate,-1.347629657544822,1.804148124756626,2.087934700491153,3.4355643580359745,0.9173973920556213,0.9173973920556213,0,1,1,1,128,128,stop_early
,contact_push,0,128,value_shaped,-1.347629657544822,1.7636542210620751,2.087934700491153,3.4355643580359745,0.9056107103129745,0.9056107103129745,0,1,1,1,128,128,stop_early
,contact_push,0,256,calibrated,-1.3434491727081421,2.0184255175437498,2.104223719819176,3.447672892527318,0.9751141697748095,0.9751141697748095,1,1,1,1,256,256,stop_early
,contact_push,0,256,calibrated_support_penalized,-1.3434491727081421,2.022554310678971,2.104223719819176,3.447672892527318,0.9763117291906608,0.9763117291906608,1,1,1,1,256,256,stop_early
,contact_push,0,256,calibrated_support_penalized_conservative_gate,-1.3434491727081421,2.022554310678971,2.104223719819176,3.447672892527318,0.9763117291906608,0.9763117291906608,1,1,1,1,256,256,stop_early
,contact_push,0,256,oracle,-1.3434491727081421,2.104223719819176,2.104223719819176,3.447672892527318,1.0,1.0,1,1,1,1,256,256,stop_early
,contact_push,0,256,oracle_value_shaped_upper,-1.3434491727081421,2.1013631498445178,2.104223719819176,3.447672892527318,0.9991702896232243,0.9991702896232243,1,1,1,1,256,256,stop_early
,contact_push,0,256,random,-1.3434491727081421,0.7187237232225709,2.104223719819176,3.447672892527318,0.5981347303569268,0.5981347303569268,0,1,1,1,256,256,collect_pilot_labels
,contact_push,0,256,raw_ebm,-1.3434491727081421,-1.3434491727081421,2.104223719819176,3.447672892527318,0.0,0.0,0,1,1,1,256,256,collect_pilot_labels
,contact_push,0,256,support_penalized,-1.3434491727081421,1.794959727541589,2.104223719819176,3.447672892527318,0.9102977568005644,0.9102977568005644,0,1,1,1,256,256,stop_early
,contact_push,0,256,support_penalized_conservative_gate,-1.3434491727081421,1.804148124756626,2.104223719819176,3.447672892527318,0.912962858015634,0.912962858015634,0,1,1,1,128,256,stop_early
,contact_push,0,256,value_shaped,-1.3434491727081421,1.7777862204111428,2.104223719819176,3.447672892527318,0.9053165687163732,0.9053165687163732,0,1,1,1,256,256,stop_early
,contact_push,0,512,calibrated,-1.3623069750804029,2.0554308629612645,2.114028304742776,3.476335279823179,0.9831439038341284,0.9831439038341284,1,1,1,1,512,512,stop_early
,contact_push,0,512,calibrated_support_penalized,-1.3623069750804029,2.0642360285174455,2.114028304742776,3.476335279823179,0.9856767911558106,0.9856767911558106,1,1,1,1,512,512,stop_early
,contact_push,0,512,calibrated_support_penalized_conservative_gate,-1.3623069750804029,2.0642360285174455,2.114028304742776,3.476335279823179,0.9856767911558106,0.9856767911558106,1,1,1,1,512,512,stop_early
,contact_push,0,512,oracle,-1.3623069750804029,2.114028304742776,2.114028304742776,3.476335279823179,1.0,1.0,1,1,1,1,512,512,stop_early
,contact_push,0,512,oracle_value_shaped_upper,-1.3623069750804029,2.111900742267296,2.114028304742776,3.476335279823179,0.9993879869735728,0.9993879869735728,1,1,1,1,512,512,stop_early
,contact_push,0,512,random,-1.3623069750804029,0.7187237232225709,2.114028304742776,3.476335279823179,0.598627730294422,0.598627730294422,0,1,1,1,512,512,collect_pilot_labels
,contact_push,0,512,raw_ebm,-1.3623069750804029,-1.3623069750804029,2.114028304742776,3.476335279823179,0.0,0.0,0,1,1,1,512,512,collect_pilot_labels
,contact_push,0,512,support_penalized,-1.3623069750804029,1.8003022159992543,2.114028304742776,3.476335279823179,0.909753788547266,0.909753788547266,0,1,1,1,512,512,stop_early
,contact_push,0,512,support_penalized_conservative_gate,-1.3623069750804029,1.804148124756626,2.114028304742776,3.476335279823179,0.9108600997767075,0.9108600997767075,0,1,1,1,128,512,stop_early
,contact_push,0,512,value_shaped,-1.3623069750804029,1.7953279836767133,2.114028304742776,3.476335279823179,0.9083229046070973,0.9083229046070973,0,1,1,1,512,512,stop_early
,contact_push,1,1,calibrated,0.7022515796488901,0.7022515796488896,0.70225157964889,-1.1102230246251565e-16,1.0,1.0,1,1,1,1,1,1,stop_early
,contact_push,1,1,calibrated_support_penalized,0.7022515796488901,0.7022515796488902,0.70225157964889,-1.1102230246251565e-16,1.0,1.0,1,1,1,1,1,1,stop_early
,contact_push,1,1,calibrated_support_penalized_conservative_gate,0.7022515796488901,0.7022515796488902,0.70225157964889,-1.1102230246251565e-16,1.0,1.0,1,1,1,1,1,1,stop_early
,contact_push,1,1,oracle,0.7022515796488901,0.70225157964889,0.70225157964889,-1.1102230246251565e-16,1.0,1.0,1,1,1,1,1,1,stop_early
,contact_push,1,1,oracle_value_shaped_upper,0.7022515796488901,0.70225157964889,0.70225157964889,-1.1102230246251565e-16,1.0,1.0,1,1,1,1,1,1,stop_early
,contact_push,1,1,random,0.7022515796488901,0.7022515796488898,0.70225157964889,-1.1102230246251565e-16,1.0,1.0,1,1,1,1,1,1,collect_pilot_labels
,contact_push,1,1,raw_ebm,0.7022515796488901,0.7022515796488901,0.70225157964889,-1.1102230246251565e-16,1.0,1.0,1,1,1,1,1,1,collect_pilot_labels
,contact_push,1,1,support_penalized,0.7022515796488901,0.7022515796488896,0.70225157964889,-1.1102230246251565e-16,1.0,1.0,1,1,1,1,1,1,block_high_n
,contact_push,1,1,support_penalized_conservative_gate,0.7022515796488901,0.7022515796488896,0.70225157964889,-1.1102230246251565e-16,1.0,1.0,1,1,1,1,1,1,block_high_n
,contact_push,1,1,value_shaped,0.7022515796488901,0.7022515796488888,0.70225157964889,-1.1102230246251565e-16,1.0,1.0,1,1,1,1,1,1,block_high_n
,contact_push,1,2,calibrated,0.3229878056639557,1.3548637591391346,1.3659124006599503,1.0429245949959947,0.9894060974553408,0.9894060974553408,1,1,1,1,2,2,stop_early
,contact_push,1,2,calibrated_support_penalized,0.3229878056639557,1.3495937799398532,1.3659124006599503,1.0429245949959947,0.984353019577451,0.984353019577451,1,1,1,1,2,2,stop_early
,contact_push,1,2,calibrated_support_penalized_conservative_gate,0.3229878056639557,1.3495937799398532,1.3659124006599503,1.0429245949959947,0.984353019577451,0.984353019577451,1,1,1,1,2,2,stop_early
,contact_push,1,2,oracle,0.3229878056639557,1.3659124006599503,1.3659124006599503,1.0429245949959947,1.0,1.0,1,1,1,1,2,2,stop_early
,contact_push,1,2,oracle_value_shaped_upper,0.3229878056639557,1.3632008771828887,1.3659124006599503,1.0429245949959947,0.9974000771579541,0.9974000771579541,1,1,1,1,2,2,stop_early
,contact_push,1,2,random,0.3229878056639557,0.7022515796488898,1.3659124006599503,1.0429245949959947,0.36365407029871677,0.36365407029871677,0,1,1,1,2,2,collect_pilot_labels
,contact_push,1,2,raw_ebm,0.3229878056639557,0.3229878056639557,1.3659124006599503,1.0429245949959947,0.0,0.0,0,1,1,1,2,2,collect_pilot_labels
,contact_push,1,2,support_penalized,0.3229878056639557,0.7333958173659356,1.3659124006599503,1.0429245949959947,0.39351647633121173,0.39351647633121173,0,1,1,1,2,2,block_high_n
,contact_push,1,2,support_penalized_conservative_gate,0.3229878056639557,0.7333958173659356,1.3659124006599503,1.0429245949959947,0.39351647633121173,0.39351647633121173,0,1,1,1,2,2,block_high_n
,contact_push,1,2,value_shaped,0.3229878056639557,1.02197876654013,1.3659124006599503,1.0429245949959947,0.670221954904476,0.670221954904476,0,1,1,1,2,2,block_high_n
,contact_push,1,4,calibrated,-0.34015252275037255,1.7036067982915815,1.7253408726814559,2.0654933954318286,0.9894775386656074,0.9894775386656074,1,1,1,1,4,4,stop_early
,contact_push,1,4,calibrated_support_penalized,-0.34015252275037255,1.6987555501043745,1.7253408726814559,2.0654933954318286,0.9871288271190414,0.9871288271190414,1,1,1,1,4,4,stop_early
,contact_push,1,4,calibrated_support_penalized_conservative_gate,-0.34015252275037255,1.6987555501043745,1.7253408726814559,2.0654933954318286,0.9871288271190414,0.9871288271190414,1,1,1,1,4,4,stop_early
,contact_push,1,4,oracle,-0.34015252275037255,1.7253408726814559,1.7253408726814559,2.0654933954318286,1.0,1.0,1,1,1,1,4,4,stop_early
,contact_push,1,4,oracle_value_shaped_upper,-0.34015252275037255,1.7203524457095092,1.7253408726814559,2.0654933954318286,0.9975848739177867,0.9975848739177867,1,1,1,1,4,4,stop_early
,contact_push,1,4,random,-0.34015252275037255,0.7022515796488898,1.7253408726814559,2.0654933954318286,0.5046755921392472,0.5046755921392472,0,1,1,1,4,4,collect_pilot_labels
,contact_push,1,4,raw_ebm,-0.34015252275037255,-0.34015252275037255,1.7253408726814559,2.0654933954318286,0.0,0.0,0,1,1,1,4,4,collect_pilot_labels
,contact_push,1,4,support_penalized,-0.34015252275037255,0.9047149516734853,1.7253408726814559,2.0654933954318286,0.6026973880318778,0.6026973880318778,0,1,1,1,4,4,block_high_n
,contact_push,1,4,support_penalized_conservative_gate,-0.34015252275037255,0.7333958173659356,1.7253408726814559,2.0654933954318286,0.519753944743001,0.519753944743001,0,1,1,1,2,4,stop_early
,contact_push,1,4,value_shaped,-0.34015252275037255,1.3862194835400254,1.7253408726814559,2.0654933954318286,0.8358157959297027,0.8358157959297027,0,1,1,1,4,4,block_high_n
,contact_push,1,8,calibrated,-1.0052566593514118,1.852823712720753,1.8831416202870803,2.8883982796384924,0.9895035571167415,0.9895035571167415,1,1,1,1,8,8,stop_early
,contact_push,1,8,calibrated_support_penalized,-1.0052566593514118,1.8492731337912067,1.8831416202870803,2.8883982796384924,0.9882743018043506,0.9882743018043506,1,1,1,1,8,8,stop_early
,contact_push,1,8,calibrated_support_penalized_conservative_gate,-1.0052566593514118,1.8492731337912067,1.8831416202870803,2.8883982796384924,0.9882743018043506,0.9882743018043506,1,1,1,1,8,8,stop_early
,contact_push,1,8,oracle,-1.0052566593514118,1.8831416202870803,1.8831416202870803,2.8883982796384924,1.0,1.0,1,1,1,1,8,8,stop_early
,contact_push,1,8,oracle_value_shaped_upper,-1.0052566593514118,1.8776439687290067,1.8831416202870803,2.8883982796384924,0.9980966435284119,0.9980966435284119,1,1,1,1,8,8,stop_early
,contact_push,1,8,random,-1.0052566593514118,0.7022515796488898,1.8831416202870803,2.8883982796384924,0.5911609389318743,0.5911609389318743,0,1,1,1,8,8,collect_pilot_labels
,contact_push,1,8,raw_ebm,-1.0052566593514118,-1.0052566593514118,1.8831416202870803,2.8883982796384924,0.0,0.0,0,1,1,1,8,8,collect_pilot_labels
,contact_push,1,8,support_penalized,-1.0052566593514118,1.2808094955908216,1.8831416202870803,2.8883982796384924,0.7914650036519042,0.7914650036519042,0,1,1,1,8,8,block_high_n
,contact_push,1,8,support_penalized_conservative_gate,-1.0052566593514118,1.2808094955908216,1.8831416202870803,2.8883982796384924,0.7914650036519042,0.7914650036519042,0,1,1,1,8,8,block_high_n
,contact_push,1,8,value_shaped,-1.0052566593514118,1.6146094509114342,1.8831416202870803,2.8883982796384924,0.9070307681358765,0.9070307681358765,0,1,1,1,8,8,block_high_n
,contact_push,1,16,calibrated,-1.3460714450705618,1.9294368509491802,1.9707589206793061,3.316830365749868,0.9875416994016865,0.9875416994016865,1,1,1,1,16,16,stop_early
,contact_push,1,16,calibrated_support_penalized,-1.3460714450705618,1.9275156487074558,1.9707589206793061,3.316830365749868,0.9869624710330719,0.9869624710330719,1,1,1,1,16,16,stop_early
,contact_push,1,16,calibrated_support_penalized_conservative_gate,-1.3460714450705618,1.9275156487074558,1.9707589206793061,3.316830365749868,0.9869624710330719,0.9869624710330719,1,1,1,1,16,16,stop_early
,contact_push,1,16,oracle,-1.3460714450705618,1.9707589206793061,1.9707589206793061,3.316830365749868,1.0,1.0,1,1,1,1,16,16,stop_early
,contact_push,1,16,oracle_value_shaped_upper,-1.3460714450705618,1.9655268190405382,1.9707589206793061,3.316830365749868,0.9984225597748997,0.9984225597748997,1,1,1,1,16,16,stop_early
,contact_push,1,16,random,-1.3460714450705618,0.7022515796488898,1.9707589206793061,3.316830365749868,0.6175543512477363,0.6175543512477363,0,1,0,1,16,16,collect_pilot_labels
,contact_push,1,16,raw_ebm,-1.3460714450705618,-1.3460714450705618,1.9707589206793061,3.316830365749868,0.0,0.0,0,1,1,1,16,16,collect_pilot_labels
,contact_push,1,16,support_penalized,-1.3460714450705618,1.6162565397157356,1.9707589206793061,3.316830365749868,0.8931201352278306,0.8931201352278306,0,1,0,1,16,16,block_high_n
,contact_push,1,16,support_penalized_conservative_gate,-1.3460714450705618,1.6162565397157356,1.9707589206793061,3.316830365749868,0.8931201352278306,0.8931201352278306,0,1,0,1,16,16,block_high_n
,contact_push,1,16,value_shaped,-1.3460714450705618,1.6952728045789907,1.9707589206793061,3.316830365749868,0.9169429588727146,0.9169429588727146,0,1,0,1,16,16,block_high_n
,contact_push,1,32,calibrated,-1.406374957135891,1.9749249123824981,2.0272206837405307,3.4335956408764217,0.9847693855573849,0.9847693855573849,1,1,1,1,32,32,stop_early
,contact_push,1,32,calibrated_support_penalized,-1.406374957135891,1.9741657978819305,2.0272206837405307,3.4335956408764217,0.9845483011374461,0.9845483011374461,1,1,1,1,32,32,stop_early
,contact_push,1,32,calibrated_support_penalized_conservative_gate,-1.406374957135891,1.9741657978819305,2.0272206837405307,3.4335956408764217,0.9845483011374461,0.9845483011374461,1,1,1,1,32,32,stop_early
,contact_push,1,32,oracle,-1.406374957135891,2.0272206837405307,2.0272206837405307,3.4335956408764217,1.0,1.0,1,1,1,1,32,32,stop_early
,contact_push,1,32,oracle_value_shaped_upper,-1.406374957135891,2.022172463222158,2.0272206837405307,3.4335956408764217,0.9985297568361649,0.9985297568361649,1,1,1,1,32,32,stop_early
,contact_push,1,32,random,-1.406374957135891,0.7022515796488898,2.0272206837405307,3.4335956408764217,0.6141161503357908,0.6141161503357908,0,1,0,1,32,32,collect_pilot_labels
,contact_push,1,32,raw_ebm,-1.406374957135891,-1.406374957135891,2.0272206837405307,3.4335956408764217,0.0,0.0,0,1,1,1,32,32,collect_pilot_labels
,contact_push,1,32,support_penalized,-1.406374957135891,1.7304386561296075,2.0272206837405307,3.4335956408764217,0.9135652363726877,0.9135652363726877,0,1,0,1,32,32,block_high_n
,contact_push,1,32,support_penalized_conservative_gate,-1.406374957135891,1.7304386561296075,2.0272206837405307,3.4335956408764217,0.9135652363726877,0.9135652363726877,0,1,0,1,32,32,block_high_n
,contact_push,1,32,value_shaped,-1.406374957135891,1.7106519401644122,2.0272206837405307,3.4335956408764217,0.9078025554880672,0.9078025554880672,0,1,0,1,32,32,block_high_n
,contact_push,1,64,calibrated,-1.3956065074577353,2.009976254233875,2.0658102414194444,3.4614167488771796,0.9838696143122087,0.9838696143122087,1,1,1,1,64,64,stop_early
,contact_push,1,64,calibrated_support_penalized,-1.3956065074577353,2.006957184331378,2.0658102414194444,3.4614167488771796,0.9829974078945688,0.9829974078945688,1,1,1,1,64,64,stop_early
,contact_push,1,64,calibrated_support_penalized_conservative_gate,-1.3956065074577353,2.006957184331378,2.0658102414194444,3.4614167488771796,0.9829974078945688,0.9829974078945688,1,1,1,1,64,64,stop_early
,contact_push,1,64,oracle,-1.3956065074577353,2.0658102414194444,2.0658102414194444,3.4614167488771796,1.0,1.0,1,1,1,1,64,64,stop_early
,contact_push,1,64,oracle_value_shaped_upper,-1.3956065074577353,2.0609670427983344,2.0658102414194444,3.4614167488771796,0.9986008045339583,0.9986008045339583,1,1,1,1,64,64,stop_early
,contact_push,1,64,random,-1.3956065074577353,0.7022515796488898,2.0658102414194444,3.4614167488771796,0.6060692020939495,0.6060692020939495,0,1,0,1,64,64,collect_pilot_labels
,contact_push,1,64,raw_ebm,-1.3956065074577353,-1.3956065074577353,2.0658102414194444,3.4614167488771796,0.0,0.0,0,1,1,1,64,64,collect_pilot_labels
,contact_push,1,64,support_penalized,-1.3956065074577353,1.729388344410185,2.0658102414194444,3.4614167488771796,0.9028080345660809,0.9028080345660809,0,1,0,1,64,64,block_high_n
,contact_push,1,64,support_penalized_conservative_gate,-1.3956065074577353,1.7304386561296075,2.0658102414194444,3.4614167488771796,0.9031114686208688,0.9031114686208688,0,1,0,1,32,64,stop_early
,contact_push,1,64,value_shaped,-1.3956065074577353,1.697669508805146,2.0658102414194444,3.4614167488771796,0.8936444931880229,0.8936444931880229,0,1,0,1,64,64,block_high_n
,contact_push,1,128,calibrated,-1.3790135259089427,2.0339438315067366,2.092947193087947,3.4719607189968897,0.9830057519780184,0.9830057519780184,1,1,1,1,128,128,stop_early
,contact_push,1,128,calibrated_support_penalized,-1.3790135259089427,2.02402854049031,2.092947193087947,3.4719607189968897,0.9801499330852024,0.9801499330852024,1,1,1,1,128,128,stop_early
,contact_push,1,128,calibrated_support_penalized_conservative_gate,-1.3790135259089427,2.02402854049031,2.092947193087947,3.4719607189968897,0.9801499330852024,0.9801499330852024,1,1,1,1,128,128,stop_early
,contact_push,1,128,oracle,-1.3790135259089427,2.092947193087947,2.092947193087947,3.4719607189968897,1.0,1.0,1,1,1,1,128,128,stop_early
,contact_push,1,128,oracle_value_shaped_upper,-1.3790135259089427,2.088781516535472,2.092947193087947,3.4719607189968897,0.998800194792043,0.998800194792043,1,1,1,1,128,128,stop_early
,contact_push,1,128,random,-1.3790135259089427,0.7022515796488898,2.092947193087947,3.4719607189968897,0.5994494966979771,0.5994494966979771,0,1,0,1,128,128,collect_pilot_labels
,contact_push,1,128,raw_ebm,-1.3790135259089427,-1.3790135259089427,2.092947193087947,3.4719607189968897,0.0,0.0,0,1,1,1,128,128,collect_pilot_labels
,contact_push,1,128,support_penalized,-1.3790135259089427,1.712781243665536,2.092947193087947,3.4719607189968897,0.8905039600988782,0.8905039600988782,0,1,0,1,128,128,block_high_n
,contact_push,1,128,support_penalized_conservative_gate,-1.3790135259089427,1.7304386561296075,2.092947193087947,3.4719607189968897,0.8955896779088346,0.8955896779088346,0,1,0,1,32,128,stop_early
,contact_push,1,128,value_shaped,-1.3790135259089427,1.6971011350509198,2.092947193087947,3.4719607189968897,0.8859877486887598,0.8859877486887598,0,1,0,1,128,128,block_high_n
,contact_push,1,256,calibrated,-1.370166389741492,2.0388570626232014,2.1114616879408183,3.48162807768231,0.9791463580550084,0.9791463580550084,1,1,1,1,256,256,stop_early
,contact_push,1,256,calibrated_support_penalized,-1.370166389741492,2.0202966157159663,2.1114616879408183,3.48162807768231,0.9738153903315429,0.9738153903315429,1,1,1,1,256,256,stop_early
,contact_push,1,256,calibrated_support_penalized_conservative_gate,-1.370166389741492,2.02402854049031,2.1114616879408183,3.48162807768231,0.9748872810364305,0.9748872810364305,1,1,1,1,128,256,stop_early
,contact_push,1,256,oracle,-1.370166389741492,2.1114616879408183,2.1114616879408183,3.48162807768231,1.0,1.0,1,1,1,1,256,256,stop_early
,contact_push,1,256,oracle_value_shaped_upper,-1.370166389741492,2.1086221190184644,2.1114616879408183,3.48162807768231,0.9991844134815676,0.9991844134815676,1,1,1,1,256,256,stop_early
,contact_push,1,256,random,-1.370166389741492,0.7022515796488898,2.1114616879408183,3.48162807768231,0.595243927022203,0.595243927022203,0,1,0,1,256,256,collect_pilot_labels
,contact_push,1,256,raw_ebm,-1.370166389741492,-1.370166389741492,2.1114616879408183,3.48162807768231,0.0,0.0,0,1,1,1,256,256,collect_pilot_labels
,contact_push,1,256,support_penalized,-1.370166389741492,1.7104786233127467,2.1114616879408183,3.48162807768231,0.884828862910882,0.884828862910882,0,1,0,1,256,256,block_high_n
,contact_push,1,256,support_penalized_conservative_gate,-1.370166389741492,1.7304386561296075,2.1114616879408183,3.48162807768231,0.8905618224262328,0.8905618224262328,0,1,0,1,32,256,stop_early
,contact_push,1,256,value_shaped,-1.370166389741492,1.7264975939919918,2.1114616879408183,3.48162807768231,0.8894298628803873,0.8894298628803873,0,1,0,1,256,256,block_high_n
,contact_push,1,512,calibrated,-1.3889024014776317,2.035125875172862,2.122389397066729,3.5112917985443604,0.9751477442205052,0.9751477442205052,1,1,1,1,512,512,stop_early
,contact_push,1,512,calibrated_support_penalized,-1.3889024014776317,2.0026865123337334,2.122389397066729,3.5112917985443604,0.9659091606164376,0.9659091606164376,1,1,1,1,512,512,stop_early
,contact_push,1,512,calibrated_support_penalized_conservative_gate,-1.3889024014776317,2.02402854049031,2.122389397066729,3.5112917985443604,0.971987273567752,0.971987273567752,1,1,1,1,128,512,stop_early
,contact_push,1,512,oracle,-1.3889024014776317,2.122389397066729,2.122389397066729,3.5112917985443604,1.0,1.0,1,1,1,1,512,512,stop_early
,contact_push,1,512,oracle_value_shaped_upper,-1.3889024014776317,2.1206560494714615,2.122389397066729,3.5112917985443604,0.9995063504559816,0.9995063504559816,1,1,1,1,512,512,stop_early
,contact_push,1,512,random,-1.3889024014776317,0.7022515796488898,2.122389397066729,3.5112917985443604,0.5955511820445767,0.5955511820445767,0,1,0,1,512,512,collect_pilot_labels
,contact_push,1,512,raw_ebm,-1.3889024014776317,-1.3889024014776317,2.122389397066729,3.5112917985443604,0.0,0.0,0,1,1,1,512,512,collect_pilot_labels
,contact_push,1,512,support_penalized,-1.3889024014776317,1.7498358254909938,2.122389397066729,3.5112917985443604,0.8938984302785143,0.8938984302785143,0,1,0,1,512,512,block_high_n
,contact_push,1,512,support_penalized_conservative_gate,-1.3889024014776317,1.7498358254909938,2.122389397066729,3.5112917985443604,0.8938984302785143,0.8938984302785143,0,1,0,1,512,512,block_high_n
,contact_push,1,512,value_shaped,-1.3889024014776317,1.7707816013454143,2.122389397066729,3.5112917985443604,0.8998636923689805,0.8998636923689805,0,1,0,1,512,512,block_high_n
,contact_push,2,1,calibrated,0.6427043362651369,0.642704336265136,0.6427043362651361,-7.771561172376096e-16,1.0,1.0,1,1,1,1,1,1,stop_early
,contact_push,2,1,calibrated_support_penalized,0.6427043362651369,0.6427043362651362,0.6427043362651361,-7.771561172376096e-16,1.0,1.0,1,1,1,1,1,1,stop_early
,contact_push,2,1,calibrated_support_penalized_conservative_gate,0.6427043362651369,0.6427043362651362,0.6427043362651361,-7.771561172376096e-16,1.0,1.0,1,1,1,1,1,1,stop_early
,contact_push,2,1,oracle,0.6427043362651369,0.6427043362651361,0.6427043362651361,-7.771561172376096e-16,1.0,1.0,1,1,1,1,1,1,stop_early
,contact_push,2,1,oracle_value_shaped_upper,0.6427043362651369,0.6427043362651359,0.6427043362651361,-7.771561172376096e-16,1.0,1.0,1,1,1,1,1,1,stop_early
,contact_push,2,1,random,0.6427043362651369,0.6427043362651359,0.6427043362651361,-7.771561172376096e-16,1.0,1.0,1,1,1,1,1,1,collect_pilot_labels
,contact_push,2,1,raw_ebm,0.6427043362651369,0.6427043362651369,0.6427043362651361,-7.771561172376096e-16,1.0,1.0,1,1,1,1,1,1,collect_pilot_labels
,contact_push,2,1,support_penalized,0.6427043362651369,0.6427043362651362,0.6427043362651361,-7.771561172376096e-16,1.0,1.0,1,1,1,1,1,1,block_high_n
,contact_push,2,1,support_penalized_conservative_gate,0.6427043362651369,0.6427043362651362,0.6427043362651361,-7.771561172376096e-16,1.0,1.0,1,1,1,1,1,1,block_high_n
,contact_push,2,1,value_shaped,0.6427043362651369,0.6427043362651376,0.6427043362651361,-7.771561172376096e-16,1.0,1.0,1,1,1,1,1,1,block_high_n
,contact_push,2,2,calibrated,0.250515932848064,1.3138797576900283,1.3245133134013538,1.0739973805532899,0.9900990859904636,0.9900990859904636,1,1,1,1,2,2,stop_early
,contact_push,2,2,calibrated_support_penalized,0.250515932848064,1.3077539135894611,1.3245133134013538,1.0739973805532899,0.9843953066223879,0.9843953066223879,1,1,1,1,2,2,stop_early
,contact_push,2,2,calibrated_support_penalized_conservative_gate,0.250515932848064,1.3077539135894611,1.3245133134013538,1.0739973805532899,0.9843953066223879,0.9843953066223879,1,1,1,1,2,2,stop_early
,contact_push,2,2,oracle,0.250515932848064,1.3245133134013538,1.3245133134013538,1.0739973805532899,1.0,1.0,1,1,1,1,2,2,stop_early
,contact_push,2,2,oracle_value_shaped_upper,0.250515932848064,1.3219912076819584,1.3245133134013538,1.0739973805532899,0.9976516649248287,0.9976516649248287,1,1,1,1,2,2,stop_early
,contact_push,2,2,random,0.250515932848064,0.6427043362651359,1.3245133134013538,1.0739973805532899,0.36516700181803863,0.36516700181803863,0,1,1,1,2,2,collect_pilot_labels
,contact_push,2,2,raw_ebm,0.250515932848064,0.250515932848064,1.3245133134013538,1.0739973805532899,0.0,0.0,0,1,1,1,2,2,collect_pilot_labels
,contact_push,2,2,support_penalized,0.250515932848064,0.6657888824629696,1.3245133134013538,1.0739973805532899,0.38666104511443966,0.38666104511443966,0,1,1,1,2,2,block_high_n
,contact_push,2,2,support_penalized_conservative_gate,0.250515932848064,0.6657888824629696,1.3245133134013538,1.0739973805532899,0.38666104511443966,0.38666104511443966,0,1,1,1,2,2,block_high_n
,contact_push,2,2,value_shaped,0.250515932848064,0.9640770677495822,1.3245133134013538,1.0739973805532899,0.6643974629937309,0.6643974629937309,0,1,1,1,2,2,block_high_n
,contact_push,2,4,calibrated,-0.41360077689277425,1.6931517088417265,1.7145785044733723,2.1281792813661466,0.9899318653182775,0.9899318653182775,1,1,1,1,4,4,stop_early
,contact_push,2,4,calibrated_support_penalized,-0.41360077689277425,1.6872609986651628,1.7145785044733723,2.1281792813661466,0.9871639076428403,0.9871639076428403,1,1,1,1,4,4,stop_early
,contact_push,2,4,calibrated_support_penalized_conservative_gate,-0.41360077689277425,1.6872609986651628,1.7145785044733723,2.1281792813661466,0.9871639076428403,0.9871639076428403,1,1,1,1,4,4,stop_early
,contact_push,2,4,oracle,-0.41360077689277425,1.7145785044733723,1.7145785044733723,2.1281792813661466,1.0,1.0,1,1,1,1,4,4,stop_early
,contact_push,2,4,oracle_value_shaped_upper,-0.41360077689277425,1.7096342641780486,1.7145785044733723,2.1281792813661466,0.9976767745374582,0.9976767745374582,1,1,1,1,4,4,stop_early
,contact_push,2,4,random,-0.41360077689277425,0.6427043362651359,1.7145785044733723,2.1281792813661466,0.49634216553402116,0.49634216553402116,0,1,1,1,4,4,collect_pilot_labels
,contact_push,2,4,raw_ebm,-0.41360077689277425,-0.41360077689277425,1.7145785044733723,2.1281792813661466,0.0,0.0,0,1,1,1,4,4,collect_pilot_labels
,contact_push,2,4,support_penalized,-0.41360077689277425,0.823564487499477,1.7145785044733723,2.1281792813661466,0.5813256783507803,0.5813256783507803,0,1,1,1,4,4,block_high_n
,contact_push,2,4,support_penalized_conservative_gate,-0.41360077689277425,0.6657888824629696,1.7145785044733723,2.1281792813661466,0.5071892527131685,0.5071892527131685,0,1,1,1,2,4,stop_early
,contact_push,2,4,value_shaped,-0.41360077689277425,1.3465352157431882,1.7145785044733723,2.1281792813661466,0.8270618965457058,0.8270618965457058,0,1,1,1,4,4,block_high_n
,contact_push,2,8,calibrated,-1.0275006135150462,1.853375017823582,1.8821606232782488,2.909661236793295,0.9901068876710915,0.9901068876710915,1,1,1,1,8,8,stop_early
,contact_push,2,8,calibrated_support_penalized,-1.0275006135150462,1.8468433161532944,1.8821606232782488,2.909661236793295,0.9878620553216438,0.9878620553216438,1,1,1,1,8,8,stop_early
,contact_push,2,8,calibrated_support_penalized_conservative_gate,-1.0275006135150462,1.8468433161532944,1.8821606232782488,2.909661236793295,0.9878620553216438,0.9878620553216438,1,1,1,1,8,8,stop_early
,contact_push,2,8,oracle,-1.0275006135150462,1.8821606232782488,1.8821606232782488,2.909661236793295,1.0,1.0,1,1,1,1,8,8,stop_early
,contact_push,2,8,oracle_value_shaped_upper,-1.0275006135150462,1.8761214471953047,1.8821606232782488,2.909661236793295,0.997924440135306,0.997924440135306,1,1,1,1,8,8,stop_early
,contact_push,2,8,random,-1.0275006135150462,0.6427043362651359,1.8821606232782488,2.909661236793295,0.5740204146998557,0.5740204146998557,0,1,1,1,8,8,collect_pilot_labels
,contact_push,2,8,raw_ebm,-1.0275006135150462,-1.0275006135150462,1.8821606232782488,2.909661236793295,0.0,0.0,0,1,1,1,8,8,collect_pilot_labels
,contact_push,2,8,support_penalized,-1.0275006135150462,1.2139372533511696,1.8821606232782488,2.909661236793295,0.7703432408291211,0.7703432408291211,0,1,1,1,8,8,block_high_n
,contact_push,2,8,support_penalized_conservative_gate,-1.0275006135150462,1.2139372533511696,1.8821606232782488,2.909661236793295,0.7703432408291211,0.7703432408291211,0,1,1,1,8,8,block_high_n
,contact_push,2,8,value_shaped,-1.0275006135150462,1.6179950906958767,1.8821606232782488,2.909661236793295,0.9092108973917851,0.9092108973917851,0,1,1,1,8,8,block_high_n
,contact_push,2,16,calibrated,-1.2965008741679043,1.9311471630423451,1.9690344899205585,3.265535364088463,0.9883978206774713,0.9883978206774713,1,1,1,1,16,16,stop_early
,contact_push,2,16,calibrated_support_penalized,-1.2965008741679043,1.9244687167596535,1.9690344899205585,3.265535364088463,0.986352690082306,0.986352690082306,1,1,1,1,16,16,stop_early
,contact_push,2,16,calibrated_support_penalized_conservative_gate,-1.2965008741679043,1.9244687167596535,1.9690344899205585,3.265535364088463,0.986352690082306,0.986352690082306,1,1,1,1,16,16,stop_early
,contact_push,2,16,oracle,-1.2965008741679043,1.9690344899205585,1.9690344899205585,3.265535364088463,1.0,1.0,1,1,1,1,16,16,stop_early
,contact_push,2,16,oracle_value_shaped_upper,-1.2965008741679043,1.9631663001910677,1.9690344899205585,3.265535364088463,0.9982029930546691,0.9982029930546691,1,1,1,1,16,16,stop_early
,contact_push,2,16,random,-1.2965008741679043,0.6427043362651359,1.9690344899205585,3.265535364088463,0.5938399050148848,0.5938399050148848,0,1,0,1,16,16,collect_pilot_labels
,contact_push,2,16,raw_ebm,-1.2965008741679043,-1.2965008741679043,1.9690344899205585,3.265535364088463,0.0,0.0,0,1,1,1,16,16,collect_pilot_labels
,contact_push,2,16,support_penalized,-1.2965008741679043,1.5998978035100062,1.9690344899205585,3.265535364088463,0.8869598258006945,0.8869598258006945,0,1,0,1,16,16,block_high_n
,contact_push,2,16,support_penalized_conservative_gate,-1.2965008741679043,1.2139372533511696,1.9690344899205585,3.265535364088463,0.7687677050221854,0.7687677050221854,0,1,0,1,8,16,stop_early
,contact_push,2,16,value_shaped,-1.2965008741679043,1.728216005283795,1.9690344899205585,3.265535364088463,0.9262545164002579,0.9262545164002579,0,1,0,1,16,16,block_high_n
,contact_push,2,32,calibrated,-1.325144416025716,1.974094160464827,2.0241503349315373,3.3492947509572533,0.9850547120547083,0.9850547120547083,1,1,0,1,32,32,stop_early
,contact_push,2,32,calibrated_support_penalized,-1.325144416025716,1.968476773498507,2.0241503349315373,3.3492947509572533,0.9833775270399482,0.9833775270399482,1,1,0,1,32,32,stop_early
,contact_push,2,32,calibrated_support_penalized_conservative_gate,-1.325144416025716,1.968476773498507,2.0241503349315373,3.3492947509572533,0.9833775270399482,0.9833775270399482,1,1,0,1,32,32,stop_early
,contact_push,2,32,oracle,-1.325144416025716,2.0241503349315373,2.0241503349315373,3.3492947509572533,1.0,1.0,1,1,1,1,32,32,stop_early
,contact_push,2,32,oracle_value_shaped_upper,-1.325144416025716,2.0191674712339207,2.0241503349315373,3.3492947509572533,0.9985122647995693,0.9985122647995693,1,1,1,1,32,32,stop_early
,contact_push,2,32,random,-1.325144416025716,0.6427043362651359,2.0241503349315373,3.3492947509572533,0.5875412284118697,0.5875412284118697,0,1,0,1,32,32,collect_pilot_labels
,contact_push,2,32,raw_ebm,-1.325144416025716,-1.325144416025716,2.0241503349315373,3.3492947509572533,0.0,0.0,0,1,1,1,32,32,collect_pilot_labels
,contact_push,2,32,support_penalized,-1.325144416025716,1.7498278435162482,2.0241503349315373,3.3492947509572533,0.918095446410954,0.918095446410954,0,1,0,1,32,32,block_high_n
,contact_push,2,32,support_penalized_conservative_gate,-1.325144416025716,1.2139372533511696,2.0241503349315373,3.3492947509572533,0.7580944223112037,0.7580944223112037,0,1,0,1,8,32,stop_early
,contact_push,2,32,value_shaped,-1.325144416025716,1.760196172087879,2.0241503349315373,3.3492947509572533,0.9211911215732153,0.9211911215732153,0,1,0,1,32,32,block_high_n
,contact_push,2,64,calibrated,-1.300423359460368,1.9954269340296555,2.0614175188625525,3.3618408783229206,0.980370699500264,0.980370699500264,1,1,0,1,64,64,stop_early
,contact_push,2,64,calibrated_support_penalized,-1.300423359460368,1.9926523809549812,2.0614175188625525,3.3618408783229206,0.9795453918265533,0.9795453918265533,1,1,0,1,64,64,stop_early
,contact_push,2,64,calibrated_support_penalized_conservative_gate,-1.300423359460368,1.9926523809549812,2.0614175188625525,3.3618408783229206,0.9795453918265533,0.9795453918265533,1,1,0,1,64,64,stop_early
,contact_push,2,64,oracle,-1.300423359460368,2.0614175188625525,2.0614175188625525,3.3618408783229206,1.0,1.0,1,1,1,1,64,64,stop_early
,contact_push,2,64,oracle_value_shaped_upper,-1.300423359460368,2.057744971805476,2.0614175188625525,3.3618408783229206,0.9989075785588911,0.9989075785588911,1,1,1,1,64,64,stop_early
,contact_push,2,64,random,-1.300423359460368,0.6427043362651359,2.0614175188625525,3.3618408783229206,0.5779951419636635,0.5779951419636635,0,1,0,1,64,64,collect_pilot_labels
,contact_push,2,64,raw_ebm,-1.300423359460368,-1.300423359460368,2.0614175188625525,3.3618408783229206,0.0,0.0,0,1,1,1,64,64,collect_pilot_labels
,contact_push,2,64,support_penalized,-1.300423359460368,1.7479338296196198,2.0614175188625525,3.3618408783229206,0.906752371516371,0.906752371516371,0,1,0,1,64,64,block_high_n
,contact_push,2,64,support_penalized_conservative_gate,-1.300423359460368,1.2139372533511696,2.0614175188625525,3.3618408783229206,0.7479118446753628,0.7479118446753628,0,1,0,1,8,64,stop_early
,contact_push,2,64,value_shaped,-1.300423359460368,1.7615956238008,2.0614175188625525,3.3618408783229206,0.9108161552216828,0.9108161552216828,0,1,0,1,64,64,block_high_n
,contact_push,2,128,calibrated,-1.274102925755888,2.0021466239857966,2.086353406060131,3.360456331816019,0.9749418609380267,0.9749418609380267,1,1,0,1,128,128,stop_early
,contact_push,2,128,calibrated_support_penalized,-1.274102925755888,2.003020360111536,2.086353406060131,3.360456331816019,0.9752018661395426,0.9752018661395426,1,1,0,1,128,128,stop_early
,contact_push,2,128,calibrated_support_penalized_conservative_gate,-1.274102925755888,2.003020360111536,2.086353406060131,3.360456331816019,0.9752018661395426,0.9752018661395426,1,1,0,1,128,128,stop_early
,contact_push,2,128,oracle,-1.274102925755888,2.086353406060131,2.086353406060131,3.360456331816019,1.0,1.0,1,1,1,1,128,128,stop_early
,contact_push,2,128,oracle_value_shaped_upper,-1.274102925755888,2.0837880033271867,2.086353406060131,3.360456331816019,0.9992365909627643,0.9992365909627643,1,1,1,1,128,128,stop_early
,contact_push,2,128,random,-1.274102925755888,0.6427043362651359,2.086353406060131,3.360456331816019,0.5704008839136335,0.5704008839136335,0,1,0,1,128,128,collect_pilot_labels
,contact_push,2,128,raw_ebm,-1.274102925755888,-1.274102925755888,2.086353406060131,3.360456331816019,0.0,0.0,0,1,1,1,128,128,collect_pilot_labels
,contact_push,2,128,support_penalized,-1.274102925755888,1.7020621559176985,2.086353406060131,3.360456331816019,0.8856431352777738,0.8856431352777738,0,1,0,1,128,128,block_high_n
,contact_push,2,128,support_penalized_conservative_gate,-1.274102925755888,1.2139372533511696,2.086353406060131,3.360456331816019,0.7403875942534566,0.7403875942534566,0,1,0,1,8,128,stop_early
,contact_push,2,128,value_shaped,-1.274102925755888,1.7558644596156627,2.086353406060131,3.360456331816019,0.9016535512408015,0.9016535512408015,0,1,0,1,128,128,block_high_n
,contact_push,2,256,calibrated,-1.2649533630429417,1.999868501257455,2.1024640751478696,3.3674174381908113,0.9695328613771345,0.9695328613771345,1,1,0,1,256,256,stop_early
,contact_push,2,256,calibrated_support_penalized,-1.2649533630429417,2.0014875659935942,2.1024640751478696,3.3674174381908113,0.9700136644750149,0.9700136644750149,1,1,0,1,256,256,stop_early
,contact_push,2,256,calibrated_support_penalized_conservative_gate,-1.2649533630429417,2.003020360111536,2.1024640751478696,3.3674174381908113,0.9704688483499209,0.9704688483499209,1,1,0,1,128,256,stop_early
,contact_push,2,256,oracle,-1.2649533630429417,2.1024640751478696,2.1024640751478696,3.3674174381908113,1.0,1.0,1,1,1,1,256,256,stop_early
,contact_push,2,256,oracle_value_shaped_upper,-1.2649533630429417,2.1008209849344346,2.1024640751478696,3.3674174381908113,0.9995120622127805,0.9995120622127805,1,1,1,1,256,256,stop_early
,contact_push,2,256,random,-1.2649533630429417,0.6427043362651359,2.1024640751478696,3.3674174381908113,0.5665046684360557,0.5665046684360557,0,1,0,1,256,256,collect_pilot_labels
,contact_push,2,256,raw_ebm,-1.2649533630429417,-1.2649533630429417,2.1024640751478696,3.3674174381908113,0.0,0.0,0,1,1,1,256,256,collect_pilot_labels
,contact_push,2,256,support_penalized,-1.2649533630429417,1.632722509133227,2.1024640751478696,3.3674174381908113,0.8605039100032049,0.8605039100032049,0,1,0,1,256,256,block_high_n
,contact_push,2,256,support_penalized_conservative_gate,-1.2649533630429417,1.2139372533511696,2.1024640751478696,3.3674174381908113,0.7361399832050308,0.7361399832050308,0,1,0,1,8,256,stop_early
,contact_push,2,256,value_shaped,-1.2649533630429417,1.7682686873945022,2.1024640751478696,3.3674174381908113,0.9007561747577936,0.9007561747577936,0,1,0,1,256,256,block_high_n
,contact_push,2,512,calibrated,-1.2742730484685993,1.9863281170145293,2.113025532113072,3.3872985805816715,0.9625963250405914,0.9625963250405914,1,1,0,1,512,512,stop_early
,contact_push,2,512,calibrated_support_penalized,-1.2742730484685993,1.9872817889426222,2.113025532113072,3.3872985805816715,0.9628778685494985,0.9628778685494985,1,1,0,1,512,512,stop_early
,contact_push,2,512,calibrated_support_penalized_conservative_gate,-1.2742730484685993,2.003020360111536,2.113025532113072,3.3872985805816715,0.9675242174893699,0.9675242174893699,1,1,0,1,128,512,stop_early
,contact_push,2,512,oracle,-1.2742730484685993,2.113025532113072,2.113025532113072,3.3872985805816715,1.0,1.0,1,1,1,1,512,512,stop_early
,contact_push,2,512,oracle_value_shaped_upper,-1.2742730484685993,2.112106356432607,2.113025532113072,3.3872985805816715,0.9997286404907632,0.9997286404907632,1,1,1,1,512,512,stop_early
,contact_push,2,512,random,-1.2742730484685993,0.6427043362651359,2.113025532113072,3.3872985805816715,0.5659310329839743,0.5659310329839743,0,1,0,1,512,512,collect_pilot_labels
,contact_push,2,512,raw_ebm,-1.2742730484685993,-1.2742730484685993,2.113025532113072,3.3872985805816715,0.0,0.0,0,1,1,1,512,512,collect_pilot_labels
,contact_push,2,512,support_penalized,-1.2742730484685993,1.5560588217084326,2.113025532113072,3.3872985805816715,0.8355720060824999,0.8355720060824999,0,1,0,1,512,512,block_high_n
,contact_push,2,512,support_penalized_conservative_gate,-1.2742730484685993,1.2139372533511696,2.113025532113072,3.3872985805816715,0.734570703652729,0.734570703652729,0,1,0,1,8,512,stop_early
,contact_push,2,512,value_shaped,-1.2742730484685993,1.7878304042024205,2.113025532113072,3.3872985805816715,0.9039957298789973,0.9039957298789973,0,1,0,1,512,512,block_high_n
,contact_push,3,1,calibrated,0.6351217124642214,0.6351217124642212,0.635121712464221,-4.440892098500626e-16,1.0,1.0,1,1,1,1,1,1,stop_early
,contact_push,3,1,calibrated_support_penalized,0.6351217124642214,0.6351217124642208,0.635121712464221,-4.440892098500626e-16,1.0,1.0,1,1,1,1,1,1,stop_early
,contact_push,3,1,calibrated_support_penalized_conservative_gate,0.6351217124642214,0.6351217124642208,0.635121712464221,-4.440892098500626e-16,1.0,1.0,1,1,1,1,1,1,stop_early
,contact_push,3,1,oracle,0.6351217124642214,0.635121712464221,0.635121712464221,-4.440892098500626e-16,1.0,1.0,1,1,1,1,1,1,stop_early
,contact_push,3,1,oracle_value_shaped_upper,0.6351217124642214,0.6351217124642211,0.635121712464221,-4.440892098500626e-16,1.0,1.0,1,1,1,1,1,1,stop_early
,contact_push,3,1,random,0.6351217124642214,0.6351217124642211,0.635121712464221,-4.440892098500626e-16,1.0,1.0,1,1,1,1,1,1,collect_pilot_labels
,contact_push,3,1,raw_ebm,0.6351217124642214,0.6351217124642214,0.635121712464221,-4.440892098500626e-16,1.0,1.0,1,1,1,1,1,1,collect_pilot_labels
,contact_push,3,1,support_penalized,0.6351217124642214,0.635121712464219,0.635121712464221,-4.440892098500626e-16,1.0,1.0,1,1,1,1,1,1,stop_early
,contact_push,3,1,support_penalized_conservative_gate,0.6351217124642214,0.635121712464219,0.635121712464221,-4.440892098500626e-16,1.0,1.0,1,1,1,1,1,1,stop_early
,contact_push,3,1,value_shaped,0.6351217124642214,0.6351217124642211,0.635121712464221,-4.440892098500626e-16,1.0,1.0,1,1,1,1,1,1,stop_early
,contact_push,3,2,calibrated,0.23738292604447137,1.3106208135351094,1.3202978464471524,1.0829149204026811,0.9910639028701861,0.9910639028701861,1,1,1,1,2,2,stop_early
,contact_push,3,2,calibrated_support_penalized,0.23738292604447137,1.305086127862074,1.3202978464471524,1.0829149204026811,0.9859529882740724,0.9859529882740724,1,1,1,1,2,2,stop_early
,contact_push,3,2,calibrated_support_penalized_conservative_gate,0.23738292604447137,1.305086127862074,1.3202978464471524,1.0829149204026811,0.9859529882740724,0.9859529882740724,1,1,1,1,2,2,stop_early
,contact_push,3,2,oracle,0.23738292604447137,1.3202978464471524,1.3202978464471524,1.0829149204026811,1.0,1.0,1,1,1,1,2,2,stop_early
,contact_push,3,2,oracle_value_shaped_upper,0.23738292604447137,1.3179032313864374,1.3202978464471524,1.0829149204026811,0.9977887320457044,0.9977887320457044,1,1,1,1,2,2,stop_early
,contact_push,3,2,random,0.23738292604447137,0.6351217124642211,1.3202978464471524,1.0829149204026811,0.36728535079362545,0.36728535079362545,0,1,1,1,2,2,collect_pilot_labels
,contact_push,3,2,raw_ebm,0.23738292604447137,0.23738292604447137,1.3202978464471524,1.0829149204026811,0.0,0.0,0,1,1,1,2,2,collect_pilot_labels
,contact_push,3,2,support_penalized,0.23738292604447137,0.6585910872692994,1.3202978464471524,1.0829149204026811,0.3889577595516018,0.3889577595516018,0,1,1,1,2,2,stop_early
,contact_push,3,2,support_penalized_conservative_gate,0.23738292604447137,0.6585910872692994,1.3202978464471524,1.0829149204026811,0.3889577595516018,0.3889577595516018,0,1,1,1,2,2,stop_early
,contact_push,3,2,value_shaped,0.23738292604447137,0.9576869965119834,1.3202978464471524,1.0829149204026811,0.6651529652945104,0.6651529652945104,0,1,1,1,2,2,stop_early
,contact_push,3,4,calibrated,-0.4366839314761432,1.6906383405958525,1.7111200269758198,2.147803958451963,0.9904638939232008,0.9904638939232008,1,1,1,1,4,4,stop_early
,contact_push,3,4,calibrated_support_penalized,-0.4366839314761432,1.6851712941673194,1.7111200269758198,2.147803958451963,0.9879184817094746,0.9879184817094746,1,1,1,1,4,4,stop_early
,contact_push,3,4,calibrated_support_penalized_conservative_gate,-0.4366839314761432,1.6851712941673194,1.7111200269758198,2.147803958451963,0.9879184817094746,0.9879184817094746,1,1,1,1,4,4,stop_early
,contact_push,3,4,oracle,-0.4366839314761432,1.7111200269758198,1.7111200269758198,2.147803958451963,1.0,1.0,1,1,1,1,4,4,stop_early
,contact_push,3,4,oracle_value_shaped_upper,-0.4366839314761432,1.7063967690374342,1.7111200269758198,2.147803958451963,0.99780088963902,0.99780088963902,1,1,1,1,4,4,stop_early
,contact_push,3,4,random,-0.4366839314761432,0.6351217124642211,1.7111200269758198,2.147803958451963,0.49902396339416,0.49902396339416,0,1,1,1,4,4,collect_pilot_labels
,contact_push,3,4,raw_ebm,-0.4366839314761432,-0.4366839314761432,1.7111200269758198,2.147803958451963,0.0,0.0,0,1,1,1,4,4,collect_pilot_labels
,contact_push,3,4,support_penalized,-0.4366839314761432,0.8430347928253468,1.7111200269758198,2.147803958451963,0.5958265973323988,0.5958265973323988,0,1,1,1,4,4,stop_early
,contact_push,3,4,support_penalized_conservative_gate,-0.4366839314761432,0.6585910872692994,1.7111200269758198,2.147803958451963,0.5099511128263614,0.5099511128263614,0,1,1,1,2,4,stop_early
,contact_push,3,4,value_shaped,-0.4366839314761432,1.336330044569909,1.7111200269758198,2.147803958451963,0.8255008419501928,0.8255008419501928,0,1,1,1,4,4,stop_early
,contact_push,3,8,calibrated,-1.065867771554851,1.8531980631284868,1.8823681453352055,2.9482359168900567,0.9901059199368655,0.9901059199368655,1,1,1,1,8,8,stop_early
,contact_push,3,8,calibrated_support_penalized,-1.065867771554851,1.8481459411030685,1.8823681453352055,2.9482359168900567,0.9883923114713844,0.9883923114713844,1,1,1,1,8,8,stop_early
,contact_push,3,8,calibrated_support_penalized_conservative_gate,-1.065867771554851,1.8481459411030685,1.8823681453352055,2.9482359168900567,0.9883923114713844,0.9883923114713844,1,1,1,1,8,8,stop_early
,contact_push,3,8,oracle,-1.065867771554851,1.8823681453352055,1.8823681453352055,2.9482359168900567,1.0,1.0,1,1,1,1,8,8,stop_early
,contact_push,3,8,oracle_value_shaped_upper,-1.065867771554851,1.8767587725712258,1.8823681453352055,2.9482359168900567,0.9980973799512296,0.9980973799512296,1,1,1,1,8,8,stop_early
,contact_push,3,8,random,-1.065867771554851,0.6351217124642211,1.8823681453352055,2.9482359168900567,0.5769516185167973,0.5769516185167973,0,1,1,1,8,8,collect_pilot_labels
,contact_push,3,8,raw_ebm,-1.065867771554851,-1.065867771554851,1.8823681453352055,2.9482359168900567,0.0,0.0,0,1,1,1,8,8,collect_pilot_labels
,contact_push,3,8,support_penalized,-1.065867771554851,1.2574553854221575,1.8823681453352055,2.9482359168900567,0.7880384143165053,0.7880384143165053,0,1,1,1,8,8,stop_early
,contact_push,3,8,support_penalized_conservative_gate,-1.065867771554851,1.2574553854221575,1.8823681453352055,2.9482359168900567,0.7880384143165053,0.7880384143165053,0,1,1,1,8,8,stop_early
,contact_push,3,8,value_shaped,-1.065867771554851,1.5865559395715048,1.8823681453352055,2.9482359168900567,0.8996646760630547,0.8996646760630547,0,1,1,1,8,8,stop_early
,contact_push,3,16,calibrated,-1.3494957317012137,1.9314377680476003,1.9718135111357848,3.321309242836999,0.9878434255481442,0.9878434255481442,1,1,1,1,16,16,stop_early
,contact_push,3,16,calibrated_support_penalized,-1.3494957317012137,1.926629845193904,1.9718135111357848,3.321309242836999,0.9863958268748002,0.9863958268748002,1,1,1,1,16,16,stop_early
,contact_push,3,16,calibrated_support_penalized_conservative_gate,-1.3494957317012137,1.926629845193904,1.9718135111357848,3.321309242836999,0.9863958268748002,0.9863958268748002,1,1,1,1,16,16,stop_early
,contact_push,3,16,oracle,-1.3494957317012137,1.9718135111357848,1.9718135111357848,3.321309242836999,1.0,1.0,1,1,1,1,16,16,stop_early
,contact_push,3,16,oracle_value_shaped_upper,-1.3494957317012137,1.9666994911058286,1.9718135111357848,3.321309242836999,0.9984602397259498,0.9984602397259498,1,1,1,1,16,16,stop_early
,contact_push,3,16,random,-1.3494957317012137,0.6351217124642211,1.9718135111357848,3.321309242836999,0.5975406982790354,0.5975406982790354,0,1,0,1,16,16,collect_pilot_labels
,contact_push,3,16,raw_ebm,-1.3494957317012137,-1.3494957317012137,1.9718135111357848,3.321309242836999,0.0,0.0,0,1,1,1,16,16,collect_pilot_labels
,contact_push,3,16,support_penalized,-1.3494957317012137,1.6131655478567941,1.9718135111357848,3.321309242836999,0.8920160885191645,0.8920160885191645,0,1,0,1,16,16,stop_early
,contact_push,3,16,support_penalized_conservative_gate,-1.3494957317012137,1.6131655478567941,1.9718135111357848,3.321309242836999,0.8920160885191645,0.8920160885191645,0,1,0,1,16,16,stop_early
,contact_push,3,16,value_shaped,-1.3494957317012137,1.671861769942018,1.9718135111357848,3.321309242836999,0.9096887042841112,0.9096887042841112,0,1,1,1,16,16,stop_early
,contact_push,3,32,calibrated,-1.4031147263232826,1.9748448367429075,2.0283274119572123,3.431442138280495,0.98441396559841,0.98441396559841,1,1,1,1,32,32,stop_early
,contact_push,3,32,calibrated_support_penalized,-1.4031147263232826,1.969820089200424,2.0283274119572123,3.431442138280495,0.9829496402972697,0.9829496402972697,1,1,1,1,32,32,stop_early
,contact_push,3,32,calibrated_support_penalized_conservative_gate,-1.4031147263232826,1.969820089200424,2.0283274119572123,3.431442138280495,0.9829496402972697,0.9829496402972697,1,1,1,1,32,32,stop_early
,contact_push,3,32,oracle,-1.4031147263232826,2.0283274119572123,2.0283274119572123,3.431442138280495,1.0,1.0,1,1,1,1,32,32,stop_early
,contact_push,3,32,oracle_value_shaped_upper,-1.4031147263232826,2.023687455416319,2.0283274119572123,3.431442138280495,0.9986478115165833,0.9986478115165833,1,1,1,1,32,32,stop_early
,contact_push,3,32,random,-1.4031147263232826,0.6351217124642211,2.0283274119572123,3.431442138280495,0.5939882873294985,0.5939882873294985,0,1,1,1,32,32,collect_pilot_labels
,contact_push,3,32,raw_ebm,-1.4031147263232826,-1.4031147263232826,2.0283274119572123,3.431442138280495,0.0,0.0,0,1,1,1,32,32,collect_pilot_labels
,contact_push,3,32,support_penalized,-1.4031147263232826,1.7375991432657814,2.0283274119572123,3.431442138280495,0.9152751942257386,0.9152751942257386,0,1,1,1,32,32,stop_early
,contact_push,3,32,support_penalized_conservative_gate,-1.4031147263232826,1.7375991432657814,2.0283274119572123,3.431442138280495,0.9152751942257386,0.9152751942257386,0,1,1,1,32,32,stop_early
,contact_push,3,32,value_shaped,-1.4031147263232826,1.6926814618863077,2.0283274119572123,3.431442138280495,0.9021851639791606,0.9021851639791606,0,1,1,1,32,32,stop_early
,contact_push,3,64,calibrated,-1.4128254361212509,2.0020347437134003,2.066531090796447,3.479356526917698,0.9814631393523264,0.9814631393523264,1,1,1,1,64,64,stop_early
,contact_push,3,64,calibrated_support_penalized,-1.4128254361212509,1.9948147571242651,2.066531090796447,3.479356526917698,0.9793880468651731,0.9793880468651731,1,1,1,1,64,64,stop_early
,contact_push,3,64,calibrated_support_penalized_conservative_gate,-1.4128254361212509,1.9948147571242651,2.066531090796447,3.479356526917698,0.9793880468651731,0.9793880468651731,1,1,1,1,64,64,stop_early
,contact_push,3,64,oracle,-1.4128254361212509,2.066531090796447,2.066531090796447,3.479356526917698,1.0,1.0,1,1,1,1,64,64,stop_early
,contact_push,3,64,oracle_value_shaped_upper,-1.4128254361212509,2.0619867041064928,2.066531090796447,3.479356526917698,0.9986939002500039,0.9986939002500039,1,1,1,1,64,64,stop_early
,contact_push,3,64,random,-1.4128254361212509,0.6351217124642211,2.066531090796447,3.479356526917698,0.5885993955324013,0.5885993955324013,0,1,1,1,64,64,collect_pilot_labels
,contact_push,3,64,raw_ebm,-1.4128254361212509,-1.4128254361212509,2.066531090796447,3.479356526917698,0.0,0.0,0,1,1,1,64,64,collect_pilot_labels
,contact_push,3,64,support_penalized,-1.4128254361212509,1.767544492884085,2.066531090796447,3.479356526917698,0.9140684216753064,0.9140684216753064,0,1,1,1,64,64,stop_early
,contact_push,3,64,support_penalized_conservative_gate,-1.4128254361212509,1.767544492884085,2.066531090796447,3.479356526917698,0.9140684216753064,0.9140684216753064,0,1,1,1,64,64,stop_early
,contact_push,3,64,value_shaped,-1.4128254361212509,1.7096688184671822,2.066531090796447,3.479356526917698,0.8974344050204585,0.8974344050204585,0,1,1,1,64,64,stop_early
,contact_push,3,128,calibrated,-1.4094949002792985,2.0216840404307703,2.092955924648951,3.5024508249282498,0.9796508537076631,0.9796508537076631,1,1,1,1,128,128,stop_early
,contact_push,3,128,calibrated_support_penalized,-1.4094949002792985,2.0117472826486233,2.092955924648951,3.5024508249282498,0.9768137666852207,0.9768137666852207,1,1,1,1,128,128,stop_early
,contact_push,3,128,calibrated_support_penalized_conservative_gate,-1.4094949002792985,2.0117472826486233,2.092955924648951,3.5024508249282498,0.9768137666852207,0.9768137666852207,1,1,1,1,128,128,stop_early
,contact_push,3,128,oracle,-1.4094949002792985,2.092955924648951,2.092955924648951,3.5024508249282498,1.0,1.0,1,1,1,1,128,128,stop_early
,contact_push,3,128,oracle_value_shaped_upper,-1.4094949002792985,2.088791704044061,2.092955924648951,3.5024508249282498,0.9988110552258859,0.9988110552258859,1,1,1,1,128,128,stop_early
,contact_push,3,128,random,-1.4094949002792985,0.6351217124642211,2.092955924648951,3.5024508249282498,0.5837674002990192,0.5837674002990192,0,1,1,1,128,128,collect_pilot_labels
,contact_push,3,128,raw_ebm,-1.4094949002792985,-1.4094949002792985,2.092955924648951,3.5024508249282498,0.0,0.0,0,1,1,1,128,128,collect_pilot_labels
,contact_push,3,128,support_penalized,-1.4094949002792985,1.7785330096762384,2.092955924648951,3.5024508249282498,0.9102277431749083,0.9102277431749083,0,1,1,1,128,128,stop_early
,contact_push,3,128,support_penalized_conservative_gate,-1.4094949002792985,1.7785330096762384,2.092955924648951,3.5024508249282498,0.9102277431749083,0.9102277431749083,0,1,1,1,128,128,stop_early
,contact_push,3,128,value_shaped,-1.4094949002792985,1.7306848285937222,2.092955924648951,3.5024508249282498,0.8965664004539876,0.8965664004539876,0,1,1,1,128,128,stop_early
,contact_push,3,256,calibrated,-1.3890491780496181,2.0368530781633702,2.111877541624854,3.500926719674472,0.9785701131532225,0.9785701131532225,1,1,1,1,256,256,stop_early
,contact_push,3,256,calibrated_support_penalized,-1.3890491780496181,2.0239171134608256,2.111877541624854,3.500926719674472,0.9748751015924699,0.9748751015924699,1,1,1,1,256,256,stop_early
,contact_push,3,256,calibrated_support_penalized_conservative_gate,-1.3890491780496181,2.0239171134608256,2.111877541624854,3.500926719674472,0.9748751015924699,0.9748751015924699,1,1,1,1,256,256,stop_early
,contact_push,3,256,oracle,-1.3890491780496181,2.111877541624854,2.111877541624854,3.500926719674472,1.0,1.0,1,1,1,1,256,256,stop_early
,contact_push,3,256,oracle_value_shaped_upper,-1.3890491780496181,2.108765079225127,2.111877541624854,3.500926719674472,0.999110960425925,0.999110960425925,1,1,1,1,256,256,stop_early
,contact_push,3,256,random,-1.3890491780496181,0.6351217124642211,2.111877541624854,3.500926719674472,0.5781814509679464,0.5781814509679464,0,1,1,1,256,256,collect_pilot_labels
,contact_push,3,256,raw_ebm,-1.3890491780496181,-1.3890491780496181,2.111877541624854,3.500926719674472,0.0,0.0,0,1,1,1,256,256,collect_pilot_labels
,contact_push,3,256,support_penalized,-1.3890491780496181,1.7586746401471158,2.111877541624854,3.500926719674472,0.8991115982254606,0.8991115982254606,0,1,1,1,256,256,stop_early
,contact_push,3,256,support_penalized_conservative_gate,-1.3890491780496181,1.7785330096762384,2.111877541624854,3.500926719674472,0.9047839161913075,0.9047839161913075,0,1,1,1,128,256,stop_early
,contact_push,3,256,value_shaped,-1.3890491780496181,1.7488143522385697,2.111877541624854,3.500926719674472,0.8962951188478337,0.8962951188478337,0,1,1,1,256,256,stop_early
,contact_push,3,512,calibrated,-1.3514618398485183,2.046169850932283,2.1258617001843714,3.4773235400328897,0.9770824174585335,0.9770824174585335,1,1,1,1,512,512,stop_early
,contact_push,3,512,calibrated_support_penalized,-1.3514618398485183,2.0282488710523907,2.1258617001843714,3.4773235400328897,0.9719287469203808,0.9719287469203808,1,1,1,1,512,512,stop_early
,contact_push,3,512,calibrated_support_penalized_conservative_gate,-1.3514618398485183,2.0282488710523907,2.1258617001843714,3.4773235400328897,0.9719287469203808,0.9719287469203808,1,1,1,1,512,512,stop_early
,contact_push,3,512,oracle,-1.3514618398485183,2.1258617001843714,2.1258617001843714,3.4773235400328897,1.0,1.0,1,1,1,1,512,512,stop_early
,contact_push,3,512,oracle_value_shaped_upper,-1.3514618398485183,2.1241824374660885,2.1258617001843714,3.4773235400328897,0.9995170818306234,0.9995170818306234,1,1,1,1,512,512,stop_early
,contact_push,3,512,random,-1.3514618398485183,0.6351217124642211,2.1258617001843714,3.4773235400328897,0.571296725611546,0.571296725611546,0,1,1,1,512,512,collect_pilot_labels
,contact_push,3,512,raw_ebm,-1.3514618398485183,-1.3514618398485183,2.1258617001843714,3.4773235400328897,0.0,0.0,0,1,1,1,512,512,collect_pilot_labels
,contact_push,3,512,support_penalized,-1.3514618398485183,1.7131454141916225,2.1258617001843714,3.4773235400328897,0.8813120834914183,0.8813120834914183,0,1,1,1,512,512,stop_early
,contact_push,3,512,support_penalized_conservative_gate,-1.3514618398485183,1.7785330096762384,2.1258617001843714,3.4773235400328897,0.9001160845375786,0.9001160845375786,0,1,1,1,128,512,stop_early
,contact_push,3,512,value_shaped,-1.3514618398485183,1.7505120555671037,2.1258617001843714,3.4773235400328897,0.8920578886905307,0.8920578886905307,0,1,1,1,512,512,stop_early
,contact_push,4,1,calibrated,0.6716879137520362,0.6716879137520363,0.6716879137520368,6.661338147750939e-16,1.0,1.0,1,1,1,1,1,1,stop_early
,contact_push,4,1,calibrated_support_penalized,0.6716879137520362,0.6716879137520368,0.6716879137520368,6.661338147750939e-16,1.0,1.0,1,1,1,1,1,1,stop_early
,contact_push,4,1,calibrated_support_penalized_conservative_gate,0.6716879137520362,0.6716879137520368,0.6716879137520368,6.661338147750939e-16,1.0,1.0,1,1,1,1,1,1,stop_early
,contact_push,4,1,oracle,0.6716879137520362,0.6716879137520368,0.6716879137520368,6.661338147750939e-16,1.0,1.0,1,1,1,1,1,1,stop_early
,contact_push,4,1,oracle_value_shaped_upper,0.6716879137520362,0.6716879137520371,0.6716879137520368,6.661338147750939e-16,1.0,1.0,1,1,1,1,1,1,stop_early
,contact_push,4,1,random,0.6716879137520362,0.6716879137520367,0.6716879137520368,6.661338147750939e-16,1.0,1.0,1,1,1,1,1,1,collect_pilot_labels
,contact_push,4,1,raw_ebm,0.6716879137520362,0.6716879137520362,0.6716879137520368,6.661338147750939e-16,1.0,1.0,1,1,1,1,1,1,collect_pilot_labels
,contact_push,4,1,support_penalized,0.6716879137520362,0.67168791375204,0.6716879137520368,6.661338147750939e-16,1.0,1.0,1,1,1,1,1,1,stop_early
,contact_push,4,1,support_penalized_conservative_gate,0.6716879137520362,0.67168791375204,0.6716879137520368,6.661338147750939e-16,1.0,1.0,1,1,1,1,1,1,stop_early
,contact_push,4,1,value_shaped,0.6716879137520362,0.6716879137520376,0.6716879137520368,6.661338147750939e-16,1.0,1.0,1,1,1,1,1,1,stop_early
,contact_push,4,2,calibrated,0.3161651523235418,1.3344474741056944,1.3450659616553542,1.0289008093318124,0.9896797752967503,0.9896797752967503,1,1,1,1,2,2,stop_early
,contact_push,4,2,calibrated_support_penalized,0.3161651523235418,1.3295591388952581,1.3450659616553542,1.0289008093318124,0.9849287486029227,0.9849287486029227,1,1,1,1,2,2,stop_early
,contact_push,4,2,calibrated_support_penalized_conservative_gate,0.3161651523235418,1.3295591388952581,1.3450659616553542,1.0289008093318124,0.9849287486029227,0.9849287486029227,1,1,1,1,2,2,stop_early
,contact_push,4,2,oracle,0.3161651523235418,1.3450659616553542,1.3450659616553542,1.0289008093318124,1.0,1.0,1,1,1,1,2,2,stop_early
,contact_push,4,2,oracle_value_shaped_upper,0.3161651523235418,1.3424813002535574,1.3450659616553542,1.0289008093318124,0.9974879391887393,0.9974879391887393,1,1,1,1,2,2,stop_early
,contact_push,4,2,random,0.3161651523235418,0.6716879137520367,1.3450659616553542,1.0289008093318124,0.3455364775729724,0.3455364775729724,0,1,1,1,2,2,collect_pilot_labels
,contact_push,4,2,raw_ebm,0.3161651523235418,0.3161651523235418,1.3450659616553542,1.0289008093318124,0.0,0.0,0,1,1,1,2,2,collect_pilot_labels
,contact_push,4,2,support_penalized,0.3161651523235418,0.7102193906351704,1.3450659616553542,1.0289008093318124,0.38298564325897927,0.38298564325897927,0,1,1,1,2,2,stop_early
,contact_push,4,2,support_penalized_conservative_gate,0.3161651523235418,0.7102193906351704,1.3450659616553542,1.0289008093318124,0.38298564325897927,0.38298564325897927,0,1,1,1,2,2,stop_early
,contact_push,4,2,value_shaped,0.3161651523235418,0.9984455656714496,1.3450659616553542,1.0289008093318124,0.6631158292031994,0.6631158292031994,0,1,1,1,2,2,stop_early
,contact_push,4,4,calibrated,-0.336626141147811,1.7019374706339088,1.7238587489223351,2.0604848900701462,0.9893611069927913,0.9893611069927913,1,1,1,1,4,4,stop_early
,contact_push,4,4,calibrated_support_penalized,-0.336626141147811,1.6967648565863178,1.7238587489223351,2.0604848900701462,0.9868507202034882,0.9868507202034882,1,1,1,1,4,4,stop_early
,contact_push,4,4,calibrated_support_penalized_conservative_gate,-0.336626141147811,1.6967648565863178,1.7238587489223351,2.0604848900701462,0.9868507202034882,0.9868507202034882,1,1,1,1,4,4,stop_early
,contact_push,4,4,oracle,-0.336626141147811,1.7238587489223351,1.7238587489223351,2.0604848900701462,1.0,1.0,1,1,1,1,4,4,stop_early
,contact_push,4,4,oracle_value_shaped_upper,-0.336626141147811,1.7186803423339643,1.7238587489223351,2.0604848900701462,0.9974868019594191,0.9974868019594191,1,1,1,1,4,4,stop_early
,contact_push,4,4,random,-0.336626141147811,0.6716879137520367,1.7238587489223351,2.0604848900701462,0.48935765545241205,0.48935765545241205,0,1,1,1,4,4,collect_pilot_labels
,contact_push,4,4,raw_ebm,-0.336626141147811,-0.336626141147811,1.7238587489223351,2.0604848900701462,0.0,0.0,0,1,1,1,4,4,collect_pilot_labels
,contact_push,4,4,support_penalized,-0.336626141147811,0.8600204366827948,1.7238587489223351,2.0604848900701462,0.5807596957383501,0.5807596957383501,0,1,1,1,4,4,stop_early
,contact_push,4,4,support_penalized_conservative_gate,-0.336626141147811,0.7102193906351704,1.7238587489223351,2.0604848900701462,0.5080578541623487,0.5080578541623487,0,1,1,1,2,4,stop_early
,contact_push,4,4,value_shaped,-0.336626141147811,1.3689266071538082,1.7238587489223351,2.0604848900701462,0.8277433901704352,0.8277433901704352,0,1,1,1,4,4,stop_early
,contact_push,4,8,calibrated,-0.9921014991018184,1.857459646975715,1.8873048408073627,2.879406339909181,0.9896349489066594,0.9896349489066594,1,1,1,1,8,8,stop_early
,contact_push,4,8,calibrated_support_penalized,-0.9921014991018184,1.852011938008979,1.8873048408073627,2.879406339909181,0.9877429933006618,0.9877429933006618,1,1,1,1,8,8,stop_early
,contact_push,4,8,calibrated_support_penalized_conservative_gate,-0.9921014991018184,1.852011938008979,1.8873048408073627,2.879406339909181,0.9877429933006618,0.9877429933006618,1,1,1,1,8,8,stop_early
,contact_push,4,8,oracle,-0.9921014991018184,1.8873048408073627,1.8873048408073627,2.879406339909181,1.0,1.0,1,1,1,1,8,8,stop_early
,contact_push,4,8,oracle_value_shaped_upper,-0.9921014991018184,1.880746845395881,1.8873048408073627,2.879406339909181,0.9977224487837696,0.9977224487837696,1,1,1,1,8,8,stop_early
,contact_push,4,8,random,-0.9921014991018184,0.6716879137520367,1.8873048408073627,2.879406339909181,0.5778237651954091,0.5778237651954091,0,1,1,1,8,8,collect_pilot_labels
,contact_push,4,8,raw_ebm,-0.9921014991018184,-0.9921014991018184,1.8873048408073627,2.879406339909181,0.0,0.0,0,1,1,1,8,8,collect_pilot_labels
,contact_push,4,8,support_penalized,-0.9921014991018184,1.2369275026329818,1.8873048408073627,2.879406339909181,0.7741279759094737,0.7741279759094737,0,1,1,1,8,8,stop_early
,contact_push,4,8,support_penalized_conservative_gate,-0.9921014991018184,1.2369275026329818,1.8873048408073627,2.879406339909181,0.7741279759094737,0.7741279759094737,0,1,1,1,8,8,stop_early
,contact_push,4,8,value_shaped,-0.9921014991018184,1.6083263356628046,1.8873048408073627,2.879406339909181,0.903112491877976,0.903112491877976,0,1,1,1,8,8,stop_early
,contact_push,4,16,calibrated,-1.3219114059895856,1.9292732540912443,1.971164477127566,3.293075883117152,0.9872789985645066,0.9872789985645066,1,1,1,1,16,16,stop_early
,contact_push,4,16,calibrated_support_penalized,-1.3219114059895856,1.9233759107424273,1.971164477127566,3.293075883117152,0.9854881672693484,0.9854881672693484,1,1,1,1,16,16,stop_early
,contact_push,4,16,calibrated_support_penalized_conservative_gate,-1.3219114059895856,1.9233759107424273,1.971164477127566,3.293075883117152,0.9854881672693484,0.9854881672693484,1,1,1,1,16,16,stop_early
,contact_push,4,16,oracle,-1.3219114059895856,1.971164477127566,1.971164477127566,3.293075883117152,1.0,1.0,1,1,1,1,16,16,stop_early
,contact_push,4,16,oracle_value_shaped_upper,-1.3219114059895856,1.964212733144562,1.971164477127566,3.293075883117152,0.997888981538918,0.997888981538918,1,1,1,1,16,16,stop_early
,contact_push,4,16,random,-1.3219114059895856,0.6716879137520367,1.971164477127566,3.293075883117152,0.6053912483348322,0.6053912483348322,0,1,1,1,16,16,collect_pilot_labels
,contact_push,4,16,raw_ebm,-1.3219114059895856,-1.3219114059895856,1.971164477127566,3.293075883117152,0.0,0.0,0,1,1,1,16,16,collect_pilot_labels
,contact_push,4,16,support_penalized,-1.3219114059895856,1.6052169999066206,1.971164477127566,3.293075883117152,0.8888736578780116,0.8888736578780116,0,1,1,1,16,16,stop_early
,contact_push,4,16,support_penalized_conservative_gate,-1.3219114059895856,1.6052169999066206,1.971164477127566,3.293075883117152,0.8888736578780116,0.8888736578780116,0,1,1,1,16,16,stop_early
,contact_push,4,16,value_shaped,-1.3219114059895856,1.7029169683935537,1.971164477127566,3.293075883117152,0.9185419594764711,0.9185419594764711,0,1,1,1,16,16,stop_early
,contact_push,4,32,calibrated,-1.3832021649629591,1.9641818609738397,2.0238645271493736,3.4070666921123327,0.9824826833258931,0.9824826833258931,1,1,1,1,32,32,stop_early
,contact_push,4,32,calibrated_support_penalized,-1.3832021649629591,1.9572768656949515,2.0238645271493736,3.4070666921123327,0.9804560146684013,0.9804560146684013,1,1,1,1,32,32,stop_early
,contact_push,4,32,calibrated_support_penalized_conservative_gate,-1.3832021649629591,1.9572768656949515,2.0238645271493736,3.4070666921123327,0.9804560146684013,0.9804560146684013,1,1,1,1,32,32,stop_early
,contact_push,4,32,oracle,-1.3832021649629591,2.0238645271493736,2.0238645271493736,3.4070666921123327,1.0,1.0,1,1,1,1,32,32,stop_early
,contact_push,4,32,oracle_value_shaped_upper,-1.3832021649629591,2.0169047282987638,2.0238645271493736,3.4070666921123327,0.9979572460771835,0.9979572460771835,1,1,1,1,32,32,stop_early
,contact_push,4,32,random,-1.3832021649629591,0.6716879137520367,2.0238645271493736,3.4070666921123327,0.603125874662874,0.603125874662874,0,1,1,1,32,32,collect_pilot_labels
,contact_push,4,32,raw_ebm,-1.3832021649629591,-1.3832021649629591,2.0238645271493736,3.4070666921123327,0.0,0.0,0,1,1,1,32,32,collect_pilot_labels
,contact_push,4,32,support_penalized,-1.3832021649629591,1.74015944995673,2.0238645271493736,3.4070666921123327,0.9167304010075746,0.9167304010075746,0,1,1,1,32,32,stop_early
,contact_push,4,32,support_penalized_conservative_gate,-1.3832021649629591,1.74015944995673,2.0238645271493736,3.4070666921123327,0.9167304010075746,0.9167304010075746,0,1,1,1,32,32,stop_early
,contact_push,4,32,value_shaped,-1.3832021649629591,1.737088286299987,2.0238645271493736,3.4070666921123327,0.9158289911044889,0.9158289911044889,0,1,1,1,32,32,stop_early
,contact_push,4,64,calibrated,-1.3912543559094916,1.981220876726187,2.060178913283199,3.4514332691926906,0.9771231165725301,0.9771231165725301,1,1,1,1,64,64,stop_early
,contact_push,4,64,calibrated_support_penalized,-1.3912543559094916,1.9726963997812865,2.060178913283199,3.4514332691926906,0.9746532797598099,0.9746532797598099,1,1,1,1,64,64,stop_early
,contact_push,4,64,calibrated_support_penalized_conservative_gate,-1.3912543559094916,1.9726963997812865,2.060178913283199,3.4514332691926906,0.9746532797598099,0.9746532797598099,1,1,1,1,64,64,stop_early
,contact_push,4,64,oracle,-1.3912543559094916,2.060178913283199,2.060178913283199,3.4514332691926906,1.0,1.0,1,1,1,1,64,64,stop_early
,contact_push,4,64,oracle_value_shaped_upper,-1.3912543559094916,2.053751890110362,2.060178913283199,3.4514332691926906,0.9981378683371328,0.9981378683371328,1,1,1,1,64,64,stop_early
,contact_push,4,64,random,-1.3912543559094916,0.6716879137520367,2.060178913283199,3.4514332691926906,0.5977059698865514,0.5977059698865514,0,1,1,1,64,64,collect_pilot_labels
,contact_push,4,64,raw_ebm,-1.3912543559094916,-1.3912543559094916,2.060178913283199,3.4514332691926906,0.0,0.0,0,1,1,1,64,64,collect_pilot_labels
,contact_push,4,64,support_penalized,-1.3912543559094916,1.7506141871943424,2.060178913283199,3.4514332691926906,0.9103083554151213,0.9103083554151213,0,1,1,1,64,64,stop_early
,contact_push,4,64,support_penalized_conservative_gate,-1.3912543559094916,1.7506141871943424,2.060178913283199,3.4514332691926906,0.9103083554151213,0.9103083554151213,0,1,1,1,64,64,stop_early
,contact_push,4,64,value_shaped,-1.3912543559094916,1.7510245320789215,2.060178913283199,3.4514332691926906,0.910427246569194,0.910427246569194,0,1,1,1,64,64,stop_early
,contact_push,4,128,calibrated,-1.3995358664005801,1.985803674258429,2.0849579164925296,3.48449378289311,0.9715441471811797,0.9715441471811797,1,1,1,1,128,128,stop_early
,contact_push,4,128,calibrated_support_penalized,-1.3995358664005801,1.9755467222394008,2.0849579164925296,3.48449378289311,0.9686005482947693,0.9686005482947693,1,1,1,1,128,128,stop_early
,contact_push,4,128,calibrated_support_penalized_conservative_gate,-1.3995358664005801,1.9755467222394008,2.0849579164925296,3.48449378289311,0.9686005482947693,0.9686005482947693,1,1,1,1,128,128,stop_early
,contact_push,4,128,oracle,-1.3995358664005801,2.0849579164925296,2.0849579164925296,3.48449378289311,1.0,1.0,1,1,1,1,128,128,stop_early
,contact_push,4,128,oracle_value_shaped_upper,-1.3995358664005801,2.0795917323687645,2.0849579164925296,3.48449378289311,0.9984599817195512,0.9984599817195512,1,1,1,1,128,128,stop_early
,contact_push,4,128,random,-1.3995358664005801,0.6716879137520367,2.0849579164925296,3.48449378289311,0.5944116733171263,0.5944116733171263,0,1,1,1,128,128,collect_pilot_labels
,contact_push,4,128,raw_ebm,-1.3995358664005801,-1.3995358664005801,2.0849579164925296,3.48449378289311,0.0,0.0,0,1,1,1,128,128,collect_pilot_labels
,contact_push,4,128,support_penalized,-1.3995358664005801,1.7556561373468764,2.0849579164925296,3.48449378289311,0.9054950877621483,0.9054950877621483,0,1,1,1,128,128,stop_early
,contact_push,4,128,support_penalized_conservative_gate,-1.3995358664005801,1.7556561373468764,2.0849579164925296,3.48449378289311,0.9054950877621483,0.9054950877621483,0,1,1,1,128,128,stop_early
,contact_push,4,128,value_shaped,-1.3995358664005801,1.759343499478041,2.0849579164925296,3.48449378289311,0.9065533080836388,0.9065533080836388,0,1,1,1,128,128,stop_early
,contact_push,4,256,calibrated,-1.4135106678590674,1.9817217964744125,2.1003815748469545,3.5138922427060217,0.966231241547361,0.966231241547361,1,1,1,1,256,256,stop_early
,contact_push,4,256,calibrated_support_penalized,-1.4135106678590674,1.968888135892207,2.1003815748469545,3.5138922427060217,0.962578977990092,0.962578977990092,1,1,1,1,256,256,stop_early
,contact_push,4,256,calibrated_support_penalized_conservative_gate,-1.4135106678590674,1.9755467222394008,2.1003815748469545,3.5138922427060217,0.9644739098455054,0.9644739098455054,1,1,1,1,128,256,stop_early
,contact_push,4,256,oracle,-1.4135106678590674,2.1003815748469545,2.1003815748469545,3.5138922427060217,1.0,1.0,1,1,1,1,256,256,stop_early
,contact_push,4,256,oracle_value_shaped_upper,-1.4135106678590674,2.0954238867581774,2.1003815748469545,3.5138922427060217,0.9985891177798443,0.9985891177798443,1,1,1,1,256,256,stop_early
,contact_push,4,256,random,-1.4135106678590674,0.6716879137520367,2.1003815748469545,3.5138922427060217,0.5934156307551732,0.5934156307551732,0,1,1,1,256,256,collect_pilot_labels
,contact_push,4,256,raw_ebm,-1.4135106678590674,-1.4135106678590674,2.1003815748469545,3.5138922427060217,0.0,0.0,0,1,1,1,256,256,collect_pilot_labels
,contact_push,4,256,support_penalized,-1.4135106678590674,1.7700006933333206,2.1003815748469545,3.5138922427060217,0.9059786531020059,0.9059786531020059,0,1,1,1,256,256,stop_early
,contact_push,4,256,support_penalized_conservative_gate,-1.4135106678590674,1.7700006933333206,2.1003815748469545,3.5138922427060217,0.9059786531020059,0.9059786531020059,0,1,1,1,256,256,stop_early
,contact_push,4,256,value_shaped,-1.4135106678590674,1.7731846023841769,2.1003815748469545,3.5138922427060217,0.9068847449315048,0.9068847449315048,0,1,1,1,256,256,stop_early
,contact_push,4,512,calibrated,-1.4400268351736334,1.9677457079930294,2.108822678579749,3.548849513753382,0.9602471251485917,0.9602471251485917,1,1,1,1,512,512,stop_early
,contact_push,4,512,calibrated_support_penalized,-1.4400268351736334,1.9500961216086945,2.108822678579749,3.548849513753382,0.9552737989154182,0.9552737989154182,1,1,1,1,512,512,stop_early
,contact_push,4,512,calibrated_support_penalized_conservative_gate,-1.4400268351736334,1.9755467222394008,2.108822678579749,3.548849513753382,0.9624453063383376,0.9624453063383376,1,1,1,1,128,512,stop_early
,contact_push,4,512,oracle,-1.4400268351736334,2.108822678579749,2.108822678579749,3.548849513753382,1.0,1.0,1,1,1,1,512,512,stop_early
,contact_push,4,512,oracle_value_shaped_upper,-1.4400268351736334,2.1026995651901466,2.108822678579749,3.548849513753382,0.9982746201646837,0.9982746201646837,1,1,1,1,512,512,stop_early
,contact_push,4,512,random,-1.4400268351736334,0.6716879137520367,2.108822678579749,3.548849513753382,0.5950420666590198,0.5950420666590198,0,1,1,1,512,512,collect_pilot_labels
,contact_push,4,512,raw_ebm,-1.4400268351736334,-1.4400268351736334,2.108822678579749,3.548849513753382,0.0,0.0,0,1,1,1,512,512,collect_pilot_labels
,contact_push,4,512,support_penalized,-1.4400268351736334,1.7849029612267382,2.108822678579749,3.548849513753382,0.908725428875562,0.908725428875562,0,1,1,1,512,512,stop_early
,contact_push,4,512,support_penalized_conservative_gate,-1.4400268351736334,1.7849029612267382,2.108822678579749,3.548849513753382,0.908725428875562,0.908725428875562,0,1,1,1,512,512,stop_early
,contact_push,4,512,value_shaped,-1.4400268351736334,1.8111129776197348,2.108822678579749,3.548849513753382,0.9161109255813029,0.9161109255813029,0,1,1,1,512,512,stop_early
